Patient ID,Series Instance UID,Series Number,Series Description,Protocol Name,Sequence Name,Modality,Num_Slices,Rows,Columns,Pixel_Spacing,Slice_Thickness,Spacing_Between_Slices,Repetition_Time,Echo_Time,Image_Type,First_File
ReMIND-001,1.3.6.1.4.1.14519.5.2.1.116296706603146358832653898263211557773,5,2D_AX_T2_FLAIR,,,MR,36,512,512,"[.429687457848304, .429687534734878]",3.3,1.0,,,"['ORIGINAL', 'PRIMARY', 'MPR']",/home/stud1/giri/projects/Dataset/remind/ReMIND-001/90478/57773/Intraop MR 010.dcm
ReMIND-001,1.3.6.1.4.1.14519.5.2.1.134061671453609869875210365239292226592,4,2D_AX_T2_BLADE,,,MR,37,256,256,"[.85937500661227, .85937514392439]",2.0,1.0,,,"['ORIGINAL', 'PRIMARY', 'MPR']",/home/stud1/giri/projects/Dataset/remind/ReMIND-001/90478/26592/Intraop MR 278.dcm
ReMIND-001,1.3.6.1.4.1.14519.5.2.1.137976984065782012750399195361636220521,303,tumor seg - MR ref: 3D_SAG_T2_SPACE,,,SEG,1,63,61,,,,,,"['DERIVED', 'PRIMARY']",/home/stud1/giri/projects/Dataset/remind/ReMIND-001/56579/20521/Preop SEG 002.dcm
ReMIND-001,1.3.6.1.4.1.14519.5.2.1.156939989779125812680939507378043784847,3,3D_SAG_T2_SPACE,,,MR,94,256,256,"[.976562472332037, .976562494723937]",1.0,1.0,,,"['ORIGINAL', 'PRIMARY', 'MPR']",/home/stud1/giri/projects/Dataset/remind/ReMIND-001/56579/84847/Preop MR 303.dcm
ReMIND-001,1.3.6.1.4.1.14519.5.2.1.180075680557505954475077325083212188762,3,US_pre_imri,,,US,1,624,770,,,,,,"['DERIVED', 'PRIMARY', 'VOLUME', 'NONE']",/home/stud1/giri/projects/Dataset/remind/ReMIND-001/90478/88762/Intraop US 001.dcm
ReMIND-001,1.3.6.1.4.1.14519.5.2.1.203358765267234045641494108066491494802,2,3D_AX_T1_postcontrast,,,MR,96,256,216,"[.976562578063547, .976562594935198]",1.0,1.0,,,"['ORIGINAL', 'PRIMARY', 'MPR']",/home/stud1/giri/projects/Dataset/remind/ReMIND-001/56579/94802/Preop MR 094.dcm
ReMIND-001,1.3.6.1.4.1.14519.5.2.1.224941463076248748882573117316876423103,301,cerebrum seg - MR ref: 3D_AX_T1_postcontrast,,,SEG,1,576,459,,,,,,"['DERIVED', 'PRIMARY']",/home/stud1/giri/projects/Dataset/remind/ReMIND-001/56579/23103/Preop SEG 003.dcm
ReMIND-001,1.3.6.1.4.1.14519.5.2.1.232655531658064896746456547069802223771,2,US_post_dura,,,US,1,641,832,,,,,,"['DERIVED', 'PRIMARY', 'VOLUME', 'NONE']",/home/stud1/giri/projects/Dataset/remind/ReMIND-001/90478/23771/Intraop US 002.dcm
ReMIND-001,1.3.6.1.4.1.14519.5.2.1.249779889403239479245500087246696577906,6,3D_AX_T1_precontrast,,,MR,89,256,256,"[1.00000000098951, 1.00000001668662]",1.2,1.0,,,"['ORIGINAL', 'PRIMARY', 'MPR']",/home/stud1/giri/projects/Dataset/remind/ReMIND-001/90478/77906/Intraop MR 224.dcm
ReMIND-001,1.3.6.1.4.1.14519.5.2.1.3517244106168960438703443537391964615,1,US_pre_dura,,,US,1,611,747,,,,,,"['DERIVED', 'PRIMARY', 'VOLUME', 'NONE']",/home/stud1/giri/projects/Dataset/remind/ReMIND-001/90478/64615/Intraop US 003.dcm
ReMIND-001,1.3.6.1.4.1.14519.5.2.1.76234098461796570543102404872798323942,1,2D_COR_T2_BLADE,,,MR,35,512,512,"[.410156249542345, .410156252561044]",2.5,1.0,,,"['ORIGINAL', 'PRIMARY', 'MPR']",/home/stud1/giri/projects/Dataset/remind/ReMIND-001/56579/23942/Preop MR 403.dcm
ReMIND-001,1.3.6.1.4.1.14519.5.2.1.88417879764408676918025701944445854539,300,ventricles seg - MR ref: 3D_AX_T1_postcontrast,,,SEG,1,359,206,,,,,,"['DERIVED', 'PRIMARY']",/home/stud1/giri/projects/Dataset/remind/ReMIND-001/56579/54539/Preop SEG 001.dcm
ReMIND-002,1.3.6.1.4.1.14519.5.2.1.127716336791467921236642206758396730846,2,US_post_dura,,,US,1,615,714,,,,,,"['DERIVED', 'PRIMARY', 'VOLUME', 'NONE']",/home/stud1/giri/projects/Dataset/remind/ReMIND-002/38609/30846/Intraop US 002.dcm
ReMIND-002,1.3.6.1.4.1.14519.5.2.1.181523904548098820511149696846956195826,3,US_pre_imri,,,US,1,621,709,,,,,,"['DERIVED', 'PRIMARY', 'VOLUME', 'NONE']",/home/stud1/giri/projects/Dataset/remind/ReMIND-002/38609/95826/Intraop US 003.dcm
ReMIND-002,1.3.6.1.4.1.14519.5.2.1.221341071198699663407691672653102773203,305,tumor_residual seg - MR ref: 2D_AX_T2_BLADE,,,SEG,1,27,21,,,,,,"['DERIVED', 'PRIMARY']",/home/stud1/giri/projects/Dataset/remind/ReMIND-002/38609/73203/Intraop SEG 001.dcm
ReMIND-002,1.3.6.1.4.1.14519.5.2.1.251095052855047573579916052732313639478,2,3D_AX_T2_SPACE,,,MR,192,256,256,"[.976562502190649, .976562508520633]",1.0,1.0,,,"['ORIGINAL', 'PRIMARY', 'MPR']",/home/stud1/giri/projects/Dataset/remind/ReMIND-002/78948/39478/Preop MR 303.dcm
ReMIND-002,1.3.6.1.4.1.14519.5.2.1.27951128116343756979946632282755922032,7,3D_AX_T1_postcontrast,,,MR,176,256,256,"[1.00000000566918, .999999977933918]",1.0,1.0,,,"['ORIGINAL', 'PRIMARY', 'MPR']",/home/stud1/giri/projects/Dataset/remind/ReMIND-002/38609/22032/Intraop MR 010.dcm
ReMIND-002,1.3.6.1.4.1.14519.5.2.1.309430968157051488200208000420039817667,1,3D_AX_T1_postcontrast,,,MR,192,256,216,"[.976562503120462, .976562555879905]",1.0,1.0,,,"['ORIGINAL', 'PRIMARY', 'MPR']",/home/stud1/giri/projects/Dataset/remind/ReMIND-002/78948/17667/Preop MR 094.dcm
ReMIND-002,1.3.6.1.4.1.14519.5.2.1.31491759600674089126103313586792828174,1,US_pre_dura,,,US,1,577,716,,,,,,"['DERIVED', 'PRIMARY', 'VOLUME', 'NONE']",/home/stud1/giri/projects/Dataset/remind/ReMIND-002/38609/28174/Intraop US 001.dcm
ReMIND-002,1.3.6.1.4.1.14519.5.2.1.323423363124946855158015352096264740086,301,cerebrum seg - MR ref: 3D_AX_T1_postcontrast,,,SEG,1,415,335,,,,,,"['DERIVED', 'PRIMARY']",/home/stud1/giri/projects/Dataset/remind/ReMIND-002/78948/40086/Preop SEG 002.dcm
ReMIND-002,1.3.6.1.4.1.14519.5.2.1.39443393622897995179522761487418774106,303,tumor seg - MR ref: 3D_AX_T2_SPACE,,,SEG,1,47,31,,,,,,"['DERIVED', 'PRIMARY']",/home/stud1/giri/projects/Dataset/remind/ReMIND-002/78948/74106/Preop SEG 001.dcm
ReMIND-002,1.3.6.1.4.1.14519.5.2.1.56488210828625262225987501361388023816,4,2D_AX_T2_BLADE,,,MR,70,256,256,"[.859375093085939, .859375002091586]",2.0,1.0,,,"['ORIGINAL', 'PRIMARY', 'MPR']",/home/stud1/giri/projects/Dataset/remind/ReMIND-002/38609/23816/Intraop MR 373.dcm
ReMIND-002,1.3.6.1.4.1.14519.5.2.1.80716149485382078399551532220853537216,303,tumor seg - MR ref: 3D_AX_T1_postcontrast,,,SEG,1,49,32,,,,,,"['DERIVED', 'PRIMARY']",/home/stud1/giri/projects/Dataset/remind/ReMIND-002/78948/37216/Preop SEG 003.dcm
ReMIND-002,1.3.6.1.4.1.14519.5.2.1.98869651407581821493913411999147291108,5,2D_AX_T2_FLAIR,,,MR,64,512,512,"[.429687494123773, .429687531352103]",3.3,1.0,,,"['ORIGINAL', 'PRIMARY', 'MPR']",/home/stud1/giri/projects/Dataset/remind/ReMIND-002/38609/91108/Intraop MR 224.dcm
ReMIND-002,1.3.6.1.4.1.14519.5.2.1.99238278499240868082957502875984852202,6,2D_SAG_T2_BLADE,,,MR,70,256,256,"[.859375079213048, .859374996036934]",2.0,1.0,,,"['ORIGINAL', 'PRIMARY', 'MPR']",/home/stud1/giri/projects/Dataset/remind/ReMIND-002/38609/52202/Intraop MR 278.dcm
ReMIND-003,1.3.6.1.4.1.14519.5.2.1.108727737060131140405673234210386233024,300,ventricles seg - MR ref: 3D_AX_T1_postcontrast,,,SEG,1,462,334,,,,,,"['DERIVED', 'PRIMARY']",/home/stud1/giri/projects/Dataset/remind/ReMIND-003/14674/33024/Preop SEG 001.dcm
ReMIND-003,1.3.6.1.4.1.14519.5.2.1.131216986044141744944295443464593033909,301,cerebrum seg - MR ref: 3D_AX_T1_postcontrast,,,SEG,1,756,592,,,,,,"['DERIVED', 'PRIMARY']",/home/stud1/giri/projects/Dataset/remind/ReMIND-003/14674/33909/Preop SEG 002.dcm
ReMIND-003,1.3.6.1.4.1.14519.5.2.1.136602250491026387881155053394436574473,5,3D_SAG_T2_FLAIR,,,MR,176,512,512,"[.488281245054549, .488281249206287]",1.0,1.0,,,"['ORIGINAL', 'PRIMARY', 'MPR']",/home/stud1/giri/projects/Dataset/remind/ReMIND-003/75401/74473/Intraop MR 010.dcm
ReMIND-003,1.3.6.1.4.1.14519.5.2.1.140175381407072076029027161516495968836,305,tumor_residual seg - MR ref: 3D_SAG_T2_FLAIR,,,SEG,1,20,25,,,,,,"['DERIVED', 'PRIMARY']",/home/stud1/giri/projects/Dataset/remind/ReMIND-003/75401/68836/Intraop SEG 001.dcm
ReMIND-003,1.3.6.1.4.1.14519.5.2.1.184700267561575796246013833298732077879,1,US_pre_dura,,,US,1,578,718,,,,,,"['DERIVED', 'PRIMARY', 'VOLUME', 'NONE']",/home/stud1/giri/projects/Dataset/remind/ReMIND-003/75401/77879/Intraop US 001.dcm
ReMIND-003,1.3.6.1.4.1.14519.5.2.1.187563141710092615150562648483489090598,3,3D_AX_T1_postcontrast,,,MR,168,512,512,"[.468800000791761, .468800040594869]",1.0,1.0,,,"['ORIGINAL', 'PRIMARY', 'MPR']",/home/stud1/giri/projects/Dataset/remind/ReMIND-003/14674/90598/Preop MR 372.dcm
ReMIND-003,1.3.6.1.4.1.14519.5.2.1.197601755306801482147284266318148270358,4,3D_AX_T2_SPACE,,,MR,192,256,256,"[.976562479962921, .976562569030561]",1.0,1.0,,,"['ORIGINAL', 'PRIMARY', 'MPR']",/home/stud1/giri/projects/Dataset/remind/ReMIND-003/14674/70358/Preop MR 094.dcm
ReMIND-003,1.3.6.1.4.1.14519.5.2.1.197912012075382788150403181907466429910,3,US_pre_imri,,,US,1,629,820,,,,,,"['DERIVED', 'PRIMARY', 'VOLUME', 'NONE']",/home/stud1/giri/projects/Dataset/remind/ReMIND-003/75401/29910/Intraop US 002.dcm
ReMIND-003,1.3.6.1.4.1.14519.5.2.1.226136190600257564083942204143899349080,4,2D_AX_T2_BLADE,,,MR,70,256,256,"[.937499989290149, .937500020627903]",2.0,1.0,,,"['ORIGINAL', 'PRIMARY', 'MPR']",/home/stud1/giri/projects/Dataset/remind/ReMIND-003/75401/49080/Intraop MR 224.dcm
ReMIND-003,1.3.6.1.4.1.14519.5.2.1.254299093321410504863690600815980808306,303,tumor seg - MR ref: 3D_AX_T2_SPACE,,,SEG,1,27,34,,,,,,"['DERIVED', 'PRIMARY']",/home/stud1/giri/projects/Dataset/remind/ReMIND-003/14674/08306/Preop SEG 003.dcm
ReMIND-003,1.3.6.1.4.1.14519.5.2.1.287602158376548229811909821543492987708,2,US_post_dura,,,US,1,602,730,,,,,,"['DERIVED', 'PRIMARY', 'VOLUME', 'NONE']",/home/stud1/giri/projects/Dataset/remind/ReMIND-003/75401/87708/Intraop US 003.dcm
ReMIND-003,1.3.6.1.4.1.14519.5.2.1.308202886900460568178686456695511891396,1,2D_AX_T2_BLADE,,,MR,70,320,320,"[.750000063896636, .749999998060914]",2.5,1.0,,,"['ORIGINAL', 'PRIMARY', 'MPR']",/home/stud1/giri/projects/Dataset/remind/ReMIND-003/14674/91396/Preop MR 303.dcm
ReMIND-003,1.3.6.1.4.1.14519.5.2.1.93483742616557098002885934435169413240,2,2D_COR_T2_BLADE,,,MR,86,320,320,"[.687500000159321, .687500036595729]",2.5,1.0,,,"['ORIGINAL', 'PRIMARY', 'MPR']",/home/stud1/giri/projects/Dataset/remind/ReMIND-003/14674/13240/Preop MR 081.dcm
ReMIND-004,1.3.6.1.4.1.14519.5.2.1.114229465456095377299281642447067064952,300,ventricles seg - MR ref: 3D_AX_T1_postcontrast,,,SEG,1,324,252,,,,,,"['DERIVED', 'PRIMARY']",/home/stud1/giri/projects/Dataset/remind/ReMIND-004/92346/64952/Preop SEG 002.dcm
ReMIND-004,1.3.6.1.4.1.14519.5.2.1.148544052720868408547422861335073193806,5,3D_SAG_T2_FLAIR,,,MR,176,512,512,"[.488281284725131, .488281235600502]",1.0,1.0,,,"['ORIGINAL', 'PRIMARY', 'MPR']",/home/stud1/giri/projects/Dataset/remind/ReMIND-004/74801/93806/Intraop MR 010.dcm
ReMIND-004,1.3.6.1.4.1.14519.5.2.1.153852859391472860314805427084177075769,4,3D_AX_T1_postcontrast,,,MR,176,256,256,"[.99999997747426, .999999990678982]",1.0,1.0,,,"['ORIGINAL', 'PRIMARY', 'MPR']",/home/stud1/giri/projects/Dataset/remind/ReMIND-004/74801/75769/Intraop MR 278.dcm
ReMIND-004,1.3.6.1.4.1.14519.5.2.1.177522518413052857600665623007356658656,2,3D_AX_T2_SPACE,,,MR,192,256,256,"[.9765624947215, .976562561665419]",1.0,1.0,,,"['ORIGINAL', 'PRIMARY', 'MPR']",/home/stud1/giri/projects/Dataset/remind/ReMIND-004/92346/58656/Preop MR 094.dcm
ReMIND-004,1.3.6.1.4.1.14519.5.2.1.193306733905027189878231822605075502451,1,3D_AX_T1_postcontrast,,,MR,192,256,256,"[1.00000002414743, 1.00000001737739]",1.0,1.0,,,"['ORIGINAL', 'PRIMARY', 'MPR']",/home/stud1/giri/projects/Dataset/remind/ReMIND-004/92346/02451/Preop MR 303.dcm
ReMIND-004,1.3.6.1.4.1.14519.5.2.1.212601223872231790368534379451995697603,1,US_pre_dura,,,US,1,585,723,,,,,,"['DERIVED', 'PRIMARY', 'VOLUME', 'NONE']",/home/stud1/giri/projects/Dataset/remind/ReMIND-004/74801/97603/Intraop US 001.dcm
ReMIND-004,1.3.6.1.4.1.14519.5.2.1.266310418634151574826423721612676490457,303,tumor seg - MR ref: 3D_AX_T2_SPACE,,,SEG,1,17,16,,,,,,"['DERIVED', 'PRIMARY']",/home/stud1/giri/projects/Dataset/remind/ReMIND-004/92346/90457/Preop SEG 004.dcm
ReMIND-004,1.3.6.1.4.1.14519.5.2.1.266963411766025254837494639987030320613,3,US_pre_imri,,,US,1,567,726,,,,,,"['DERIVED', 'PRIMARY', 'VOLUME', 'NONE']",/home/stud1/giri/projects/Dataset/remind/ReMIND-004/74801/20613/Intraop US 003.dcm
ReMIND-004,1.3.6.1.4.1.14519.5.2.1.27661008822762431370973483522020876264,303,tumor seg - MR ref: 3D_AX_T1_postcontrast,,,SEG,1,7,10,,,,,,"['DERIVED', 'PRIMARY']",/home/stud1/giri/projects/Dataset/remind/ReMIND-004/92346/76264/Preop SEG 001.dcm
ReMIND-004,1.3.6.1.4.1.14519.5.2.1.303927398309153515360629132168841745195,2,US_post_dura,,,US,1,574,705,,,,,,"['DERIVED', 'PRIMARY', 'VOLUME', 'NONE']",/home/stud1/giri/projects/Dataset/remind/ReMIND-004/74801/45195/Intraop US 002.dcm
ReMIND-004,1.3.6.1.4.1.14519.5.2.1.88769060120875334962350129075269998299,301,cerebrum seg - MR ref: 3D_AX_T1_postcontrast,,,SEG,1,513,462,,,,,,"['DERIVED', 'PRIMARY']",/home/stud1/giri/projects/Dataset/remind/ReMIND-004/92346/98299/Preop SEG 003.dcm
ReMIND-006,1.3.6.1.4.1.14519.5.2.1.122347206940326334373069992137324469055,6,3D_SAG_T2_FLAIR,,,MR,176,512,512,"[.488281292277521, .488281248396282]",1.0,1.0,,,"['ORIGINAL', 'PRIMARY', 'MPR']",/home/stud1/giri/projects/Dataset/remind/ReMIND-006/66481/69055/Intraop MR 278.dcm
ReMIND-006,1.3.6.1.4.1.14519.5.2.1.173795589184071779008029068448940114263,4,2D_AX_T2_BLADE,,,MR,70,256,256,"[.85937506910432, .859375009189389]",2.0,1.0,,,"['ORIGINAL', 'PRIMARY', 'MPR']",/home/stud1/giri/projects/Dataset/remind/ReMIND-006/66481/14263/Intraop MR 373.dcm
ReMIND-006,1.3.6.1.4.1.14519.5.2.1.176628607548310423481254589943401224302,5,3D_AX_T1_precontrast,,,MR,176,256,256,"[1.00000000453776, .999999974291565]",1.0,1.0,,,"['ORIGINAL', 'PRIMARY', 'MPR']",/home/stud1/giri/projects/Dataset/remind/ReMIND-006/66481/24302/Intraop MR 010.dcm
ReMIND-006,1.3.6.1.4.1.14519.5.2.1.177733887697944181534160842439133692512,2,US_post_dura,,,US,1,649,806,,,,,,"['DERIVED', 'PRIMARY', 'VOLUME', 'NONE']",/home/stud1/giri/projects/Dataset/remind/ReMIND-006/66481/92512/Intraop US 001.dcm
ReMIND-006,1.3.6.1.4.1.14519.5.2.1.181070264535604684797594569808230929003,303,tumor seg - MR ref: 3D_AX_T2_SPACE,,,SEG,1,71,40,,,,,,"['DERIVED', 'PRIMARY']",/home/stud1/giri/projects/Dataset/remind/ReMIND-006/52788/29003/Preop SEG 002.dcm
ReMIND-006,1.3.6.1.4.1.14519.5.2.1.220893339386921251734387504904521991124,1,US_pre_dura,,,US,1,717,748,,,,,,"['DERIVED', 'PRIMARY', 'VOLUME', 'NONE']",/home/stud1/giri/projects/Dataset/remind/ReMIND-006/66481/91124/Intraop US 002.dcm
ReMIND-006,1.3.6.1.4.1.14519.5.2.1.230559883846561536416589270081862505086,2,3D_AX_T2_SPACE,,,MR,144,320,320,"[.793750013131289, .7937499964661]",1.2,1.0,,,"['ORIGINAL', 'PRIMARY', 'MPR']",/home/stud1/giri/projects/Dataset/remind/ReMIND-006/52788/05086/Preop MR 303.dcm
ReMIND-006,1.3.6.1.4.1.14519.5.2.1.283369535243024013870870820858567003190,301,cerebrum seg - MR ref: 3D_AX_T1_postcontrast,,,SEG,1,710,570,,,,,,"['DERIVED', 'PRIMARY']",/home/stud1/giri/projects/Dataset/remind/ReMIND-006/52788/03190/Preop SEG 003.dcm
ReMIND-006,1.3.6.1.4.1.14519.5.2.1.308345207773817278383153129590993279127,1,3D_AX_T1_postcontrast,,,MR,201,512,512,"[.468749994667355, .468749991149315]",1.2,1.0,,,"['ORIGINAL', 'PRIMARY', 'MPR']",/home/stud1/giri/projects/Dataset/remind/ReMIND-006/52788/79127/Preop MR 094.dcm
ReMIND-006,1.3.6.1.4.1.14519.5.2.1.311778708173531858712324649794896898788,300,ventricles seg - MR ref: 3D_AX_T1_postcontrast,,,SEG,1,444,308,,,,,,"['DERIVED', 'PRIMARY']",/home/stud1/giri/projects/Dataset/remind/ReMIND-006/52788/98788/Preop SEG 001.dcm
ReMIND-006,1.3.6.1.4.1.14519.5.2.1.90354418217526256388657253808810607914,3,US_pre_imri,,,US,1,759,731,,,,,,"['DERIVED', 'PRIMARY', 'VOLUME', 'NONE']",/home/stud1/giri/projects/Dataset/remind/ReMIND-006/66481/07914/Intraop US 003.dcm
ReMIND-006,1.3.6.1.4.1.14519.5.2.1.98145389025697072790873069818285237510,305,tumor_residual seg - MR ref: 3D_SAG_T2_FLAIR,,,SEG,1,41,44,,,,,,"['DERIVED', 'PRIMARY']",/home/stud1/giri/projects/Dataset/remind/ReMIND-006/66481/37510/Intraop SEG 001.dcm
ReMIND-007,1.3.6.1.4.1.14519.5.2.1.126760213189132225878687330404020254943,303,tumor seg - MR ref: 3D_AX_T1_postcontrast,,,SEG,1,6,7,,,,,,"['DERIVED', 'PRIMARY']",/home/stud1/giri/projects/Dataset/remind/ReMIND-007/57336/54943/Preop SEG 001.dcm
ReMIND-007,1.3.6.1.4.1.14519.5.2.1.162205495416059661228556657196529372867,301,cerebrum seg - MR ref: 3D_AX_T1_postcontrast,,,SEG,1,348,262,,,,,,"['DERIVED', 'PRIMARY']",/home/stud1/giri/projects/Dataset/remind/ReMIND-007/57336/72867/Preop SEG 002.dcm
ReMIND-007,1.3.6.1.4.1.14519.5.2.1.208412976767283628208459377135201018129,1,US_pre_dura,,,US,1,566,738,,,,,,"['DERIVED', 'PRIMARY', 'VOLUME', 'NONE']",/home/stud1/giri/projects/Dataset/remind/ReMIND-007/43168/18129/Intraop US 003.dcm
ReMIND-007,1.3.6.1.4.1.14519.5.2.1.209089855172860889134809842450274048074,2,3D_AX_T1_postcontrast,,,MR,192,256,224,"[.976562472338693, .976562501601455]",1.0,1.0,,,"['ORIGINAL', 'PRIMARY', 'MPR']",/home/stud1/giri/projects/Dataset/remind/ReMIND-007/57336/48074/Preop MR 094.dcm
ReMIND-007,1.3.6.1.4.1.14519.5.2.1.23338118046056063669359043772613055137,5,3D_AX_T1_postcontrast,,,MR,176,256,256,"[1.00000002100611, .999999980189299]",1.0,1.0,,,"['ORIGINAL', 'PRIMARY', 'MPR']",/home/stud1/giri/projects/Dataset/remind/ReMIND-007/43168/55137/Intraop MR 224.dcm
ReMIND-007,1.3.6.1.4.1.14519.5.2.1.235742143418531737496984467330004594598,6,3D_SAG_T2_FLAIR,,,MR,176,512,512,"[.488281243968702, .488281290066387]",1.0,1.0,,,"['ORIGINAL', 'PRIMARY', 'MPR']",/home/stud1/giri/projects/Dataset/remind/ReMIND-007/43168/94598/Intraop MR 373.dcm
ReMIND-007,1.3.6.1.4.1.14519.5.2.1.257239249881703091682458010686634055894,305,tumor_residual seg - MR ref: 3D_SAG_T2_FLAIR,,,SEG,1,19,16,,,,,,"['DERIVED', 'PRIMARY']",/home/stud1/giri/projects/Dataset/remind/ReMIND-007/43168/55894/Intraop SEG 001.dcm
ReMIND-007,1.3.6.1.4.1.14519.5.2.1.273699406701604436446193164024041007743,2,US_post_dura,,,US,1,606,763,,,,,,"['DERIVED', 'PRIMARY', 'VOLUME', 'NONE']",/home/stud1/giri/projects/Dataset/remind/ReMIND-007/43168/07743/Intraop US 001.dcm
ReMIND-007,1.3.6.1.4.1.14519.5.2.1.277310225043607791399208553473593216874,4,2D_AX_T2_BLADE,,,MR,80,256,256,"[.859375022802019, .859375026450888]",2.0,1.0,,,"['ORIGINAL', 'PRIMARY', 'MPR']",/home/stud1/giri/projects/Dataset/remind/ReMIND-007/43168/16874/Intraop MR 010.dcm
ReMIND-007,1.3.6.1.4.1.14519.5.2.1.28192200891099488114106169500865639696,1,2D_AX_T2,,,MR,28,384,324,"[.546874999999997, .546874999999997]",6.0,1.0,,,"['ORIGINAL', 'PRIMARY', 'MPR']",/home/stud1/giri/projects/Dataset/remind/ReMIND-007/57336/39696/Preop MR 012.dcm
ReMIND-007,1.3.6.1.4.1.14519.5.2.1.326909403972569479201738659810181288977,3,US_pre_imri,,,US,1,607,746,,,,,,"['DERIVED', 'PRIMARY', 'VOLUME', 'NONE']",/home/stud1/giri/projects/Dataset/remind/ReMIND-007/43168/88977/Intraop US 002.dcm
ReMIND-007,1.3.6.1.4.1.14519.5.2.1.336904764340133649601489619552722779528,300,ventricles seg - MR ref: 3D_AX_T1_postcontrast,,,SEG,1,214,152,,,,,,"['DERIVED', 'PRIMARY']",/home/stud1/giri/projects/Dataset/remind/ReMIND-007/57336/79528/Preop SEG 003.dcm
ReMIND-008,1.3.6.1.4.1.14519.5.2.1.127070883992212952101909773789724129176,1,US_pre_dura,,,US,1,579,743,,,,,,"['DERIVED', 'PRIMARY', 'VOLUME', 'NONE']",/home/stud1/giri/projects/Dataset/remind/ReMIND-008/10738/29176/Intraop US 001.dcm
ReMIND-008,1.3.6.1.4.1.14519.5.2.1.131771252846514186976785664621206531094,301,cerebrum seg - MR ref: 3D_AX_T1_postcontrast,,,SEG,1,331,251,,,,,,"['DERIVED', 'PRIMARY']",/home/stud1/giri/projects/Dataset/remind/ReMIND-008/97438/31094/Preop SEG 002.dcm
ReMIND-008,1.3.6.1.4.1.14519.5.2.1.142796594529894479821830425582903899432,3,US_pre_imri,,,US,1,615,800,,,,,,"['DERIVED', 'PRIMARY', 'VOLUME', 'NONE']",/home/stud1/giri/projects/Dataset/remind/ReMIND-008/10738/99432/Intraop US 002.dcm
ReMIND-008,1.3.6.1.4.1.14519.5.2.1.149900808367136539452463525100460269772,2,3D_AX_T1_postcontrast,,,MR,364,512,512,"[.507799985063949, .507800027544919]",0.5,1.0,,,"['ORIGINAL', 'PRIMARY', 'MPR']",/home/stud1/giri/projects/Dataset/remind/ReMIND-008/97438/69772/Preop MR 094.dcm
ReMIND-008,1.3.6.1.4.1.14519.5.2.1.167384630588129783301877452631607122551,1,2D_AX_T2_FLAIR,,,MR,34,512,512,"[.429700003484981, .429700002285032]",5.0,1.0,,,"['ORIGINAL', 'PRIMARY', 'MPR']",/home/stud1/giri/projects/Dataset/remind/ReMIND-008/97438/22551/Preop MR 012.dcm
ReMIND-008,1.3.6.1.4.1.14519.5.2.1.167393041926653787559290028112025064689,300,ventricles seg - MR ref: 3D_AX_T1_postcontrast,,,SEG,1,216,142,,,,,,"['DERIVED', 'PRIMARY']",/home/stud1/giri/projects/Dataset/remind/ReMIND-008/97438/64689/Preop SEG 001.dcm
ReMIND-008,1.3.6.1.4.1.14519.5.2.1.188913328665650096098786957554155763490,305,tumor_residual seg - MR ref: 3D_AX_T1_postcontrast,,,SEG,1,37,40,,,,,,"['DERIVED', 'PRIMARY']",/home/stud1/giri/projects/Dataset/remind/ReMIND-008/10738/63490/Intraop SEG 001.dcm
ReMIND-008,1.3.6.1.4.1.14519.5.2.1.209618778576908785057978375535923588178,303,tumor seg - MR ref: 3D_AX_T1_postcontrast,,,SEG,1,57,71,,,,,,"['DERIVED', 'PRIMARY']",/home/stud1/giri/projects/Dataset/remind/ReMIND-008/97438/88178/Preop SEG 003.dcm
ReMIND-008,1.3.6.1.4.1.14519.5.2.1.227358808930602416421079756179053758838,5,3D_AX_T1_postcontrast,,,MR,176,256,256,"[1.00000002476231, .999999994917162]",1.0,1.0,,,"['ORIGINAL', 'PRIMARY', 'MPR']",/home/stud1/giri/projects/Dataset/remind/ReMIND-008/10738/58838/Intraop MR 224.dcm
ReMIND-008,1.3.6.1.4.1.14519.5.2.1.238672777453553365610250416704489979969,2,US_post_dura,,,US,1,600,713,,,,,,"['DERIVED', 'PRIMARY', 'VOLUME', 'NONE']",/home/stud1/giri/projects/Dataset/remind/ReMIND-008/10738/79969/Intraop US 003.dcm
ReMIND-008,1.3.6.1.4.1.14519.5.2.1.3899602276135623118759012136872776308,302,previous_resection_cavity seg - MR ref: 3D_AX_T1_postcontrast,,,SEG,1,115,100,,,,,,"['DERIVED', 'PRIMARY']",/home/stud1/giri/projects/Dataset/remind/ReMIND-008/97438/76308/Preop SEG 004.dcm
ReMIND-008,1.3.6.1.4.1.14519.5.2.1.62686421678907835502210485227546010194,4,2D_AX_T2_BLADE,,,MR,70,256,256,"[.859374998487966, .859375058573421]",2.0,1.0,,,"['ORIGINAL', 'PRIMARY', 'MPR']",/home/stud1/giri/projects/Dataset/remind/ReMIND-008/10738/10194/Intraop MR 010.dcm
ReMIND-009,1.3.6.1.4.1.14519.5.2.1.143719886902076787737964242192051349386,3,3D_AX_T1_postcontrast,,,MR,176,256,208,"[1.00000002493931, .999999994397175]",1.0,1.0,,,"['ORIGINAL', 'PRIMARY', 'MPR']",/home/stud1/giri/projects/Dataset/remind/ReMIND-009/14466/49386/Preop MR 094.dcm
ReMIND-009,1.3.6.1.4.1.14519.5.2.1.192095645726551565222826908775198151431,2,2D_COR_T2_BLADE,,,MR,95,320,320,"[.687500007844479, .687500046747394]",2.0,1.0,,,"['ORIGINAL', 'PRIMARY', 'MPR']",/home/stud1/giri/projects/Dataset/remind/ReMIND-009/14466/51431/Preop MR 303.dcm
ReMIND-009,1.3.6.1.4.1.14519.5.2.1.25273108457192822061112078985013811524,300,ventricles seg - MR ref: 3D_AX_T1_postcontrast,,,SEG,1,330,225,,,,,,"['DERIVED', 'PRIMARY']",/home/stud1/giri/projects/Dataset/remind/ReMIND-009/14466/11524/Preop SEG 001.dcm
ReMIND-009,1.3.6.1.4.1.14519.5.2.1.270571234698210280422214988888586406303,2,US_post_dura,,,US,1,615,875,,,,,,"['DERIVED', 'PRIMARY', 'VOLUME', 'NONE']",/home/stud1/giri/projects/Dataset/remind/ReMIND-009/07486/06303/Intraop US 001.dcm
ReMIND-009,1.3.6.1.4.1.14519.5.2.1.310528058593781134316362270547378537836,4,2D_AX_T2_BLADE,,,MR,70,256,256,"[.8984374749948, .898437472296777]",2.0,1.0,,,"['ORIGINAL', 'PRIMARY', 'MPR']",/home/stud1/giri/projects/Dataset/remind/ReMIND-009/07486/37836/Intraop MR 224.dcm
ReMIND-009,1.3.6.1.4.1.14519.5.2.1.31540032716661934928555885948666577163,5,3D_SAG_T2_FLAIR,,,MR,176,512,512,"[.48828128885145, .4882812414008]",1.0,1.0,,,"['ORIGINAL', 'PRIMARY', 'MPR']",/home/stud1/giri/projects/Dataset/remind/ReMIND-009/07486/77163/Intraop MR 010.dcm
ReMIND-009,1.3.6.1.4.1.14519.5.2.1.329351719323880060187477258447175846530,305,tumor_residual seg - MR ref: 2D_AX_T2_BLADE,,,SEG,1,43,45,,,,,,"['DERIVED', 'PRIMARY']",/home/stud1/giri/projects/Dataset/remind/ReMIND-009/07486/46530/Intraop SEG 001.dcm
ReMIND-009,1.3.6.1.4.1.14519.5.2.1.338348208377053087396958267522804650424,302,previous_resection_cavity seg - MR ref: 3D_AX_T1_postcontrast,,,SEG,1,59,50,,,,,,"['DERIVED', 'PRIMARY']",/home/stud1/giri/projects/Dataset/remind/ReMIND-009/14466/50424/Preop SEG 002.dcm
ReMIND-009,1.3.6.1.4.1.14519.5.2.1.34492441098577944000315221960173337019,301,cerebrum seg - MR ref: 3D_AX_T1_postcontrast,,,SEG,1,507,408,,,,,,"['DERIVED', 'PRIMARY']",/home/stud1/giri/projects/Dataset/remind/ReMIND-009/14466/37019/Preop SEG 003.dcm
ReMIND-009,1.3.6.1.4.1.14519.5.2.1.36456597206113264321631708263677260910,303,tumor seg - MR ref: 2D_AX_T2_BLADE,,,SEG,1,73,48,,,,,,"['DERIVED', 'PRIMARY']",/home/stud1/giri/projects/Dataset/remind/ReMIND-009/14466/60910/Preop SEG 004.dcm
ReMIND-009,1.3.6.1.4.1.14519.5.2.1.78885203333705837618418513157838904805,3,US_pre_imri,,,US,1,659,975,,,,,,"['DERIVED', 'PRIMARY', 'VOLUME', 'NONE']",/home/stud1/giri/projects/Dataset/remind/ReMIND-009/07486/04805/Intraop US 002.dcm
ReMIND-009,1.3.6.1.4.1.14519.5.2.1.79108652216690822605596174492775042289,1,2D_AX_T2_BLADE,,,MR,77,320,320,"[.687499994279811, .687500033800317]",2.0,1.0,,,"['ORIGINAL', 'PRIMARY', 'MPR']",/home/stud1/giri/projects/Dataset/remind/ReMIND-009/14466/42289/Preop MR 048.dcm
ReMIND-010,1.3.6.1.4.1.14519.5.2.1.148948948643937324685773303021549322473,1,2D_COR_T2_FLAIR,,,MR,84,512,512,"[.488281269174514, .488281244887105]",3.0,1.0,,,"['ORIGINAL', 'PRIMARY', 'MPR']",/home/stud1/giri/projects/Dataset/remind/ReMIND-010/40071/22473/Preop MR 081.dcm
ReMIND-010,1.3.6.1.4.1.14519.5.2.1.180080565911595287625300068537943639074,3,US_pre_imri,,,US,1,780,832,,,,,,"['DERIVED', 'PRIMARY', 'VOLUME', 'NONE']",/home/stud1/giri/projects/Dataset/remind/ReMIND-010/44625/39074/Intraop US 001.dcm
ReMIND-010,1.3.6.1.4.1.14519.5.2.1.198933270250819798481414594018564207773,3,3D_SAG_T2_FLAIR,,,MR,320,512,512,"[.488300016919944, .48830001832783]",0.599999,1.0,,,"['ORIGINAL', 'PRIMARY', 'MPR']",/home/stud1/giri/projects/Dataset/remind/ReMIND-010/40071/07773/Preop MR 094.dcm
ReMIND-010,1.3.6.1.4.1.14519.5.2.1.230919485955338411421728486512664695402,4,2D_AX_T2_BLADE,,,MR,70,256,256,"[.859375035186244, .859375045310218]",2.0,1.0,,,"['ORIGINAL', 'PRIMARY', 'MPR']",/home/stud1/giri/projects/Dataset/remind/ReMIND-010/44625/95402/Intraop MR 224.dcm
ReMIND-010,1.3.6.1.4.1.14519.5.2.1.301092507846889711770442632878745297743,301,cerebrum seg - MR ref: 3D_AX_T1_postcontrast,,,SEG,1,567,425,,,,,,"['DERIVED', 'PRIMARY']",/home/stud1/giri/projects/Dataset/remind/ReMIND-010/40071/97743/Preop SEG 003.dcm
ReMIND-010,1.3.6.1.4.1.14519.5.2.1.303222182234779793533809392880309786980,5,3D_AX_T1_postcontrast,,,MR,176,256,256,"[1.00000000909017, .999999975741626]",1.2,1.0,,,"['ORIGINAL', 'PRIMARY', 'MPR']",/home/stud1/giri/projects/Dataset/remind/ReMIND-010/44625/86980/Intraop MR 010.dcm
ReMIND-010,1.3.6.1.4.1.14519.5.2.1.309741360560909268048262069555635728169,2,3D_AX_T1_postcontrast,,,MR,172,512,512,"[.468800013362506, .468799987378732]",1.0,1.0,,,"['ORIGINAL', 'PRIMARY', 'MPR']",/home/stud1/giri/projects/Dataset/remind/ReMIND-010/40071/28169/Preop MR 553.dcm
ReMIND-010,1.3.6.1.4.1.14519.5.2.1.47569244175814603942581162059457521935,303,tumor seg - MR ref: 3D_AX_T1_postcontrast,,,SEG,1,50,52,,,,,,"['DERIVED', 'PRIMARY']",/home/stud1/giri/projects/Dataset/remind/ReMIND-010/40071/21935/Preop SEG 002.dcm
ReMIND-010,1.3.6.1.4.1.14519.5.2.1.59011461714018868329798921343000651521,300,ventricles seg - MR ref: 3D_AX_T1_postcontrast,,,SEG,1,364,245,,,,,,"['DERIVED', 'PRIMARY']",/home/stud1/giri/projects/Dataset/remind/ReMIND-010/40071/51521/Preop SEG 001.dcm
ReMIND-010,1.3.6.1.4.1.14519.5.2.1.62250320775589196518778903509587059442,2,US_post_dura,,,US,1,795,866,,,,,,"['DERIVED', 'PRIMARY', 'VOLUME', 'NONE']",/home/stud1/giri/projects/Dataset/remind/ReMIND-010/44625/59442/Intraop US 002.dcm
ReMIND-011,1.3.6.1.4.1.14519.5.2.1.127966761950477417389400284739989740439,303,tumor seg - MR ref: 2D_AX_T2_BLADE,,,SEG,1,74,53,,,,,,"['DERIVED', 'PRIMARY']",/home/stud1/giri/projects/Dataset/remind/ReMIND-011/66663/40439/Preop SEG 001.dcm
ReMIND-011,1.3.6.1.4.1.14519.5.2.1.147463576137717943625747458497838095415,3,US_pre_imri,,,US,1,625,856,,,,,,"['DERIVED', 'PRIMARY', 'VOLUME', 'NONE']",/home/stud1/giri/projects/Dataset/remind/ReMIND-011/51076/95415/Intraop US 003.dcm
ReMIND-011,1.3.6.1.4.1.14519.5.2.1.160677935860553948039498915520974068616,5,3D_AX_T2_SPACE,,,MR,192,512,432,"[.488281252457311, .488281249106455]",1.0,1.0,,,"['ORIGINAL', 'PRIMARY', 'MPR']",/home/stud1/giri/projects/Dataset/remind/ReMIND-011/66663/68616/Preop MR 094.dcm
ReMIND-011,1.3.6.1.4.1.14519.5.2.1.160710741793932082601872863241868309273,2,2D_AX_T2_FLAIR,,,MR,28,320,270,"[.656250035898267, .656250021856636]",6.0,1.0,,,"['ORIGINAL', 'PRIMARY', 'MPR']",/home/stud1/giri/projects/Dataset/remind/ReMIND-011/66663/09273/Preop MR 523.dcm
ReMIND-011,1.3.6.1.4.1.14519.5.2.1.166405613570073618459667842026045560830,305,tumor_residual seg - MR ref: 2D_AX_T2_BLADE,,,SEG,1,76,38,,,,,,"['DERIVED', 'PRIMARY']",/home/stud1/giri/projects/Dataset/remind/ReMIND-011/51076/60830/Intraop SEG 001.dcm
ReMIND-011,1.3.6.1.4.1.14519.5.2.1.174849586792118851218809826124609552298,1,US_pre_dura,,,US,1,621,800,,,,,,"['DERIVED', 'PRIMARY', 'VOLUME', 'NONE']",/home/stud1/giri/projects/Dataset/remind/ReMIND-011/51076/52298/Intraop US 001.dcm
ReMIND-011,1.3.6.1.4.1.14519.5.2.1.189315952231891312276515726005362176307,5,3D_SAG_T2_FLAIR,,,MR,176,512,512,"[.488281267473305, .4882812943914]",1.0,1.0,,,"['ORIGINAL', 'PRIMARY', 'MPR']",/home/stud1/giri/projects/Dataset/remind/ReMIND-011/51076/76307/Intraop MR 010.dcm
ReMIND-011,1.3.6.1.4.1.14519.5.2.1.189462541521482975013332022517921877818,1,2D_AX_T2_BLADE,,,MR,62,320,320,"[.656250020569782, .656250029318921]",2.5,1.0,,,"['ORIGINAL', 'PRIMARY', 'MPR']",/home/stud1/giri/projects/Dataset/remind/ReMIND-011/66663/77818/Preop MR 048.dcm
ReMIND-011,1.3.6.1.4.1.14519.5.2.1.211918933039112663324824237060014580474,4,3D_AX_T1_postcontrast,,,MR,192,256,224,"[.976562480807882, .976562481056121]",1.0,1.0,,,"['ORIGINAL', 'PRIMARY', 'MPR']",/home/stud1/giri/projects/Dataset/remind/ReMIND-011/66663/80474/Preop MR 372.dcm
ReMIND-011,1.3.6.1.4.1.14519.5.2.1.242720167795349070330437769308073814205,4,2D_AX_T2_BLADE,,,MR,70,256,256,"[.859375002480122, .859375044810318]",2.0,1.0,,,"['ORIGINAL', 'PRIMARY', 'MPR']",/home/stud1/giri/projects/Dataset/remind/ReMIND-011/51076/14205/Intraop MR 224.dcm
ReMIND-011,1.3.6.1.4.1.14519.5.2.1.288442297917462986368149430214720957721,3,2D_COR_T2_BLADE,,,MR,72,320,320,"[.656249992725414, .656249995198102]",2.5,1.0,,,"['ORIGINAL', 'PRIMARY', 'MPR']",/home/stud1/giri/projects/Dataset/remind/ReMIND-011/66663/57721/Preop MR 303.dcm
ReMIND-011,1.3.6.1.4.1.14519.5.2.1.310051871883903497848989332166557758846,2,US_post_dura,,,US,1,602,859,,,,,,"['DERIVED', 'PRIMARY', 'VOLUME', 'NONE']",/home/stud1/giri/projects/Dataset/remind/ReMIND-011/51076/58846/Intraop US 002.dcm
ReMIND-013,1.3.6.1.4.1.14519.5.2.1.105178906925519222029675675357635322480,3,3D_AX_T2_SPACE,,,MR,176,256,256,"[.976562499999999, .976562499999999]",1.0,1.0,,,"['ORIGINAL', 'PRIMARY', 'MPR']",/home/stud1/giri/projects/Dataset/remind/ReMIND-013/10946/22480/Preop MR 303.dcm
ReMIND-013,1.3.6.1.4.1.14519.5.2.1.149287971642587623290019691199051982906,2,3D_AX_T1_postcontrast,,,MR,192,256,256,"[1, 1]",1.0,1.0,,,"['ORIGINAL', 'PRIMARY', 'MPR']",/home/stud1/giri/projects/Dataset/remind/ReMIND-013/10946/82906/Preop MR 553.dcm
ReMIND-013,1.3.6.1.4.1.14519.5.2.1.149834191900434884504591178823402451685,6,3D_SAG_T2_FLAIR,,,MR,176,512,512,"[.488281260481587, .488281251037327]",1.0,1.0,,,"['ORIGINAL', 'PRIMARY', 'MPR']",/home/stud1/giri/projects/Dataset/remind/ReMIND-013/60325/51685/Intraop MR 278.dcm
ReMIND-013,1.3.6.1.4.1.14519.5.2.1.15455117286372566714721293464278906262,300,ventricles seg - MR ref: 3D_AX_T1_postcontrast,,,SEG,1,279,207,,,,,,"['DERIVED', 'PRIMARY']",/home/stud1/giri/projects/Dataset/remind/ReMIND-013/10946/06262/Preop SEG 001.dcm
ReMIND-013,1.3.6.1.4.1.14519.5.2.1.161154996082163682028027137969420759753,5,3D_AX_T1_MP2RAGE,,,MR,193,256,256,"[.999999998988095, .999999986459778]",1.0,1.0,,,"['ORIGINAL', 'PRIMARY', 'MPR']",/home/stud1/giri/projects/Dataset/remind/ReMIND-013/60325/59753/Intraop MR 010.dcm
ReMIND-013,1.3.6.1.4.1.14519.5.2.1.170413522994998485759881182943882149760,1,3D_AX_T1_MP2RAGE,,,MR,176,240,256,"[1.00000000050779, .999999998465936]",1.0,1.0,,,"['ORIGINAL', 'PRIMARY', 'MPR']",/home/stud1/giri/projects/Dataset/remind/ReMIND-013/10946/49760/Preop MR 094.dcm
ReMIND-013,1.3.6.1.4.1.14519.5.2.1.19507172183014719973290566339202174690,1,US_pre_dura,,,US,1,639,830,,,,,,"['DERIVED', 'PRIMARY', 'VOLUME', 'NONE']",/home/stud1/giri/projects/Dataset/remind/ReMIND-013/60325/74690/Intraop US 003.dcm
ReMIND-013,1.3.6.1.4.1.14519.5.2.1.242860238939855457644526912342010880092,301,cerebrum seg - MR ref: 3D_AX_T1_postcontrast,,,SEG,1,453,384,,,,,,"['DERIVED', 'PRIMARY']",/home/stud1/giri/projects/Dataset/remind/ReMIND-013/10946/80092/Preop SEG 002.dcm
ReMIND-013,1.3.6.1.4.1.14519.5.2.1.24969288115420128554607378018828460386,4,2D_AX_T2_BLADE,,,MR,70,256,256,"[.859375078814988, .859375032630903]",2.0,1.0,,,"['ORIGINAL', 'PRIMARY', 'MPR']",/home/stud1/giri/projects/Dataset/remind/ReMIND-013/60325/60386/Intraop MR 373.dcm
ReMIND-013,1.3.6.1.4.1.14519.5.2.1.268045550124051473475039325363566888685,305,tumor_residual seg - MR ref: 3D_AX_T1_MP2RAGE,,,SEG,1,38,27,,,,,,"['DERIVED', 'PRIMARY']",/home/stud1/giri/projects/Dataset/remind/ReMIND-013/60325/88685/Intraop SEG 001.dcm
ReMIND-013,1.3.6.1.4.1.14519.5.2.1.308614279811190631520021750824327265232,3,US_pre_imri,,,US,1,636,851,,,,,,"['DERIVED', 'PRIMARY', 'VOLUME', 'NONE']",/home/stud1/giri/projects/Dataset/remind/ReMIND-013/60325/65232/Intraop US 002.dcm
ReMIND-013,1.3.6.1.4.1.14519.5.2.1.335306029345620905861201549402541589383,303,tumor seg - MR ref: 3D_AX_T1_postcontrast,,,SEG,1,78,39,,,,,,"['DERIVED', 'PRIMARY']",/home/stud1/giri/projects/Dataset/remind/ReMIND-013/10946/89383/Preop SEG 003.dcm
ReMIND-013,1.3.6.1.4.1.14519.5.2.1.338326081805814273612696111396279250731,4,3D_SAG_T2_FLAIR,,,MR,176,256,256,"[1.00000002331735, .99999997654097]",1.0,1.0,,,"['ORIGINAL', 'PRIMARY', 'MPR']",/home/stud1/giri/projects/Dataset/remind/ReMIND-013/10946/50731/Preop MR 372.dcm
ReMIND-013,1.3.6.1.4.1.14519.5.2.1.49967757988005647898212263882068490488,2,US_post_dura,,,US,1,607,793,,,,,,"['DERIVED', 'PRIMARY', 'VOLUME', 'NONE']",/home/stud1/giri/projects/Dataset/remind/ReMIND-013/60325/90488/Intraop US 001.dcm
ReMIND-014,1.3.6.1.4.1.14519.5.2.1.142258986041327689125559719411027659569,5,3D_AX_T1_postcontrast,,,MR,176,256,256,"[1.00000001163812, 1.0000000067164]",1.0,1.0,,,"['ORIGINAL', 'PRIMARY', 'MPR']",/home/stud1/giri/projects/Dataset/remind/ReMIND-014/02418/59569/Intraop MR 224.dcm
ReMIND-014,1.3.6.1.4.1.14519.5.2.1.15444523821480682537415256577099706878,2,2D_AX_T2_FLAIR,,,MR,28,384,348,"[.546875002720988, .546875026220894]",6.0,1.0,,,"['ORIGINAL', 'PRIMARY', 'MPR']",/home/stud1/giri/projects/Dataset/remind/ReMIND-014/73606/06878/Preop MR 048.dcm
ReMIND-014,1.3.6.1.4.1.14519.5.2.1.161253737387210810825356732460934972557,3,3D_AX_T1_postcontrast,,,MR,192,256,224,"[.9765625, .9765625]",1.0,1.0,,,"['ORIGINAL', 'PRIMARY', 'MPR']",/home/stud1/giri/projects/Dataset/remind/ReMIND-014/73606/72557/Preop MR 094.dcm
ReMIND-014,1.3.6.1.4.1.14519.5.2.1.203381020942023419019742822344877871670,303,tumor seg - MR ref: 3D_AX_T1_postcontrast,,,SEG,1,69,59,,,,,,"['DERIVED', 'PRIMARY']",/home/stud1/giri/projects/Dataset/remind/ReMIND-014/73606/71670/Preop SEG 001.dcm
ReMIND-014,1.3.6.1.4.1.14519.5.2.1.265939678891775166697546424485974501892,3,US_pre_imri,,,US,1,703,826,,,,,,"['DERIVED', 'PRIMARY', 'VOLUME', 'NONE']",/home/stud1/giri/projects/Dataset/remind/ReMIND-014/02418/01892/Intraop US 002.dcm
ReMIND-014,1.3.6.1.4.1.14519.5.2.1.290349993995566951774801380128244498802,1,2D_AX_T2,,,MR,28,384,348,"[.546875013594663, .54687501384803]",6.0,1.0,,,"['ORIGINAL', 'PRIMARY', 'MPR']",/home/stud1/giri/projects/Dataset/remind/ReMIND-014/73606/98802/Preop MR 012.dcm
ReMIND-014,1.3.6.1.4.1.14519.5.2.1.300512236933717769678616837727288600055,1,US_pre_dura,,,US,1,618,713,,,,,,"['DERIVED', 'PRIMARY', 'VOLUME', 'NONE']",/home/stud1/giri/projects/Dataset/remind/ReMIND-014/02418/00055/Intraop US 003.dcm
ReMIND-014,1.3.6.1.4.1.14519.5.2.1.301281549575320376216776025270819063651,2,US_post_dura,,,US,1,679,754,,,,,,"['DERIVED', 'PRIMARY', 'VOLUME', 'NONE']",/home/stud1/giri/projects/Dataset/remind/ReMIND-014/02418/63651/Intraop US 001.dcm
ReMIND-014,1.3.6.1.4.1.14519.5.2.1.84242476871758160879424831802065012527,4,2D_AX_T2_BLADE,,,MR,76,256,256,"[.859375082075056, .859375061399141]",2.0,1.0,,,"['ORIGINAL', 'PRIMARY', 'MPR']",/home/stud1/giri/projects/Dataset/remind/ReMIND-014/02418/12527/Intraop MR 010.dcm
ReMIND-015,1.3.6.1.4.1.14519.5.2.1.124227114498511159632680933535451475474,2,2D_AX_T2_FLAIR,,,MR,37,320,280,"[.718750038295809, .718749985674509]",5.0,1.0,,,"['ORIGINAL', 'PRIMARY', 'MPR']",/home/stud1/giri/projects/Dataset/remind/ReMIND-015/69436/75474/Preop MR 230.dcm
ReMIND-015,1.3.6.1.4.1.14519.5.2.1.131807740582706894354001301445729627664,303,tumor seg - MR ref: 3D_AX_T1_postcontrast,,,SEG,1,31,26,,,,,,"['DERIVED', 'PRIMARY']",/home/stud1/giri/projects/Dataset/remind/ReMIND-015/69436/27664/Preop SEG 002.dcm
ReMIND-015,1.3.6.1.4.1.14519.5.2.1.134765968343670903832531316417055678604,3,US_pre_imri,,,US,1,639,875,,,,,,"['DERIVED', 'PRIMARY', 'VOLUME', 'NONE']",/home/stud1/giri/projects/Dataset/remind/ReMIND-015/66548/78604/Intraop US 001.dcm
ReMIND-015,1.3.6.1.4.1.14519.5.2.1.159396553490575261015465489155251605213,3,3D_AX_T1_postcontrast,,,MR,192,256,216,"[.9765625, .9765625]",1.0,1.0,,,"['ORIGINAL', 'PRIMARY', 'MPR']",/home/stud1/giri/projects/Dataset/remind/ReMIND-015/69436/05213/Preop MR 094.dcm
ReMIND-015,1.3.6.1.4.1.14519.5.2.1.160348465871090608692626250883807230989,2,US_post_dura,,,US,1,623,790,,,,,,"['DERIVED', 'PRIMARY', 'VOLUME', 'NONE']",/home/stud1/giri/projects/Dataset/remind/ReMIND-015/66548/30989/Intraop US 002.dcm
ReMIND-015,1.3.6.1.4.1.14519.5.2.1.179683807526145645813516274691656537970,6,3D_AX_T1_postcontrast,,,MR,176,256,256,"[1.00000001039495, .999999974050995]",1.0,1.0,,,"['ORIGINAL', 'PRIMARY', 'MPR']",/home/stud1/giri/projects/Dataset/remind/ReMIND-015/66548/37970/Intraop MR 010.dcm
ReMIND-015,1.3.6.1.4.1.14519.5.2.1.208262261164039271282744465894880389391,5,2D_COR_T2_BLADE,,,MR,70,256,256,"[.859375025681764, .859375084575724]",3.0,1.0,,,"['ORIGINAL', 'PRIMARY', 'MPR']",/home/stud1/giri/projects/Dataset/remind/ReMIND-015/66548/89391/Intraop MR 224.dcm
ReMIND-015,1.3.6.1.4.1.14519.5.2.1.241380667400896345588794392261187649591,301,cerebrum seg - MR ref: 3D_AX_T1_postcontrast,,,SEG,1,344,262,,,,,,"['DERIVED', 'PRIMARY']",/home/stud1/giri/projects/Dataset/remind/ReMIND-015/69436/49591/Preop SEG 001.dcm
ReMIND-015,1.3.6.1.4.1.14519.5.2.1.258008733857082609421786321657839346105,1,2D_AX_T2,,,MR,37,896,784,"[.25669641797658, .256696430960757]",5.0,1.0,,,"['ORIGINAL', 'PRIMARY', 'MPR']",/home/stud1/giri/projects/Dataset/remind/ReMIND-015/69436/46105/Preop MR 035.dcm
ReMIND-015,1.3.6.1.4.1.14519.5.2.1.287998413457581039596627789940119839716,4,2D_AX_T2_BLADE,,,MR,70,256,256,"[.859374987780798, .859375024090907]",2.0,1.0,,,"['ORIGINAL', 'PRIMARY', 'MPR']",/home/stud1/giri/projects/Dataset/remind/ReMIND-015/66548/39716/Intraop MR 278.dcm
ReMIND-015,1.3.6.1.4.1.14519.5.2.1.3481688655405046966589594663513511083,4,3D_AX_T2_SPACE,,,MR,192,256,256,"[.976562570027837, .976562470812248]",1.0,1.0,,,"['ORIGINAL', 'PRIMARY', 'MPR']",/home/stud1/giri/projects/Dataset/remind/ReMIND-015/69436/11083/Preop MR 303.dcm
ReMIND-015,1.3.6.1.4.1.14519.5.2.1.6123158801188332715677886932770441592,1,US_pre_dura,,,US,1,587,763,,,,,,"['DERIVED', 'PRIMARY', 'VOLUME', 'NONE']",/home/stud1/giri/projects/Dataset/remind/ReMIND-015/66548/41592/Intraop US 003.dcm
ReMIND-015,1.3.6.1.4.1.14519.5.2.1.86088697505155175733874873053141560804,305,tumor_residual seg - MR ref: 3D_AX_T1_postcontrast,,,SEG,1,26,28,,,,,,"['DERIVED', 'PRIMARY']",/home/stud1/giri/projects/Dataset/remind/ReMIND-015/66548/60804/Intraop SEG 001.dcm
ReMIND-016,1.3.6.1.4.1.14519.5.2.1.110512503449981733949719588849234880460,2,3D_AX_T1_postcontrast,,,MR,192,256,216,"[.976562579519322, .976562481811613]",1.0,1.0,,,"['ORIGINAL', 'PRIMARY', 'MPR']",/home/stud1/giri/projects/Dataset/remind/ReMIND-016/53423/80460/Preop MR 303.dcm
ReMIND-016,1.3.6.1.4.1.14519.5.2.1.13168562475418510095075420743776709998,301,cerebrum seg - MR ref: 3D_AX_T1_postcontrast,,,SEG,1,336,274,,,,,,"['DERIVED', 'PRIMARY']",/home/stud1/giri/projects/Dataset/remind/ReMIND-016/53423/09998/Preop SEG 001.dcm
ReMIND-016,1.3.6.1.4.1.14519.5.2.1.140827439414505092620246770376982372589,3,US_pre_imri,,,US,1,589,728,,,,,,"['DERIVED', 'PRIMARY', 'VOLUME', 'NONE']",/home/stud1/giri/projects/Dataset/remind/ReMIND-016/49913/72589/Intraop US 001.dcm
ReMIND-016,1.3.6.1.4.1.14519.5.2.1.153087483635166068587674364113192598183,5,3D_AX_T1_postcontrast,,,MR,176,256,256,"[1.00000000813504, .999999998291338]",1.0,1.0,,,"['ORIGINAL', 'PRIMARY', 'MPR']",/home/stud1/giri/projects/Dataset/remind/ReMIND-016/49913/98183/Intraop MR 224.dcm
ReMIND-016,1.3.6.1.4.1.14519.5.2.1.172268194243680268086819158873134028456,6,3D_SAG_T2_FLAIR,,,MR,176,512,512,"[.488281238290886, .48828125372503]",1.0,1.0,,,"['ORIGINAL', 'PRIMARY', 'MPR']",/home/stud1/giri/projects/Dataset/remind/ReMIND-016/49913/28456/Intraop MR 373.dcm
ReMIND-016,1.3.6.1.4.1.14519.5.2.1.235836289224607417133939542836813539528,303,tumor seg - MR ref: 3D_AX_T1_postcontrast,,,SEG,1,6,6,,,,,,"['DERIVED', 'PRIMARY']",/home/stud1/giri/projects/Dataset/remind/ReMIND-016/53423/39528/Preop SEG 002.dcm
ReMIND-016,1.3.6.1.4.1.14519.5.2.1.338785955904904945914997575901220257200,4,2D_AX_T2_BLADE,,,MR,70,256,256,"[.859375036174508, .859375004588448]",2.0,1.0,,,"['ORIGINAL', 'PRIMARY', 'MPR']",/home/stud1/giri/projects/Dataset/remind/ReMIND-016/49913/57200/Intraop MR 010.dcm
ReMIND-016,1.3.6.1.4.1.14519.5.2.1.47022316329389302925689858006796690913,3,3D_AX_T2_SPACE,,,MR,178,256,256,"[.976562574054505, .976562502849887]",1.0,1.0,,,"['ORIGINAL', 'PRIMARY', 'MPR']",/home/stud1/giri/projects/Dataset/remind/ReMIND-016/53423/90913/Preop MR 094.dcm
ReMIND-016,1.3.6.1.4.1.14519.5.2.1.59248366268592400698317573115102056570,1,2D_AX_T2_FLAIR,,,MR,37,320,280,"[.687499992194578, .687499976878853]",5.0,1.0,,,"['ORIGINAL', 'PRIMARY', 'MPR']",/home/stud1/giri/projects/Dataset/remind/ReMIND-016/53423/56570/Preop MR 035.dcm
ReMIND-016,1.3.6.1.4.1.14519.5.2.1.9674901567417750704725372785065857317,2,US_post_dura,,,US,1,561,711,,,,,,"['DERIVED', 'PRIMARY', 'VOLUME', 'NONE']",/home/stud1/giri/projects/Dataset/remind/ReMIND-016/49913/57317/Intraop US 002.dcm
ReMIND-017,1.3.6.1.4.1.14519.5.2.1.101349100196550809598081911057933123128,1,US_pre_dura,,,US,1,595,703,,,,,,"['DERIVED', 'PRIMARY', 'VOLUME', 'NONE']",/home/stud1/giri/projects/Dataset/remind/ReMIND-017/31142/23128/Intraop US 001.dcm
ReMIND-017,1.3.6.1.4.1.14519.5.2.1.157573751677080957661444555978587253902,5,3D_AX_T1_postcontrast,,,MR,176,256,256,"[.999999991141257, .999999984316598]",1.0,1.0,,,"['ORIGINAL', 'PRIMARY', 'MPR']",/home/stud1/giri/projects/Dataset/remind/ReMIND-017/31142/53902/Intraop MR 224.dcm
ReMIND-017,1.3.6.1.4.1.14519.5.2.1.15933661160935276780469591422486647193,301,cerebrum seg - MR ref: 3D_AX_T1_postcontrast,,,SEG,1,483,396,,,,,,"['DERIVED', 'PRIMARY']",/home/stud1/giri/projects/Dataset/remind/ReMIND-017/88074/47193/Preop SEG 001.dcm
ReMIND-017,1.3.6.1.4.1.14519.5.2.1.228330710046501308647136148874125624670,1,2D_AX_T2,,,MR,38,256,256,"[.937500042572225, .937499990078361]",4.0,1.0,,,"['ORIGINAL', 'PRIMARY', 'MPR']",/home/stud1/giri/projects/Dataset/remind/ReMIND-017/88074/24670/Preop MR 035.dcm
ReMIND-017,1.3.6.1.4.1.14519.5.2.1.23181362696007923979950063380692671733,300,ventricles seg - MR ref: 3D_AX_T1_postcontrast,,,SEG,1,306,234,,,,,,"['DERIVED', 'PRIMARY']",/home/stud1/giri/projects/Dataset/remind/ReMIND-017/88074/71733/Preop SEG 003.dcm
ReMIND-017,1.3.6.1.4.1.14519.5.2.1.237119580016825548210043618702728621856,303,tumor seg - MR ref: 3D_AX_T1_postcontrast,,,SEG,1,9,9,,,,,,"['DERIVED', 'PRIMARY']",/home/stud1/giri/projects/Dataset/remind/ReMIND-017/88074/21856/Preop SEG 004.dcm
ReMIND-017,1.3.6.1.4.1.14519.5.2.1.290013064164831951056938945953668504124,4,2D_AX_T2_BLADE,,,MR,70,256,256,"[.859375004410504, .85937504564822]",2.0,1.0,,,"['ORIGINAL', 'PRIMARY', 'MPR']",/home/stud1/giri/projects/Dataset/remind/ReMIND-017/31142/04124/Intraop MR 010.dcm
ReMIND-017,1.3.6.1.4.1.14519.5.2.1.334673070300028536749758160068349451000,3,US_pre_imri,,,US,1,611,728,,,,,,"['DERIVED', 'PRIMARY', 'VOLUME', 'NONE']",/home/stud1/giri/projects/Dataset/remind/ReMIND-017/31142/51000/Intraop US 002.dcm
ReMIND-017,1.3.6.1.4.1.14519.5.2.1.36672347871122905098805693767893938645,3,3D_AX_T1_postcontrast,,,MR,176,256,224,"[1.00000001801189, .999999992373911]",1.0,1.0,,,"['ORIGINAL', 'PRIMARY', 'MPR']",/home/stud1/giri/projects/Dataset/remind/ReMIND-017/88074/38645/Preop MR 094.dcm
ReMIND-017,1.3.6.1.4.1.14519.5.2.1.46186573143744896371069467383948388708,2,2D_AX_T2_FLAIR,,,MR,38,256,216,"[.937499976891107, .937499972045369]",4.0,1.0,,,"['ORIGINAL', 'PRIMARY', 'MPR']",/home/stud1/giri/projects/Dataset/remind/ReMIND-017/88074/88708/Preop MR 048.dcm
ReMIND-017,1.3.6.1.4.1.14519.5.2.1.68599664933177624152647478291015550072,302,previous_resection_cavity seg - MR ref: 3D_AX_T1_postcontrast,,,SEG,1,15,24,,,,,,"['DERIVED', 'PRIMARY']",/home/stud1/giri/projects/Dataset/remind/ReMIND-017/88074/50072/Preop SEG 002.dcm
ReMIND-017,1.3.6.1.4.1.14519.5.2.1.94513947901126048174746120492847774130,2,US_post_dura,,,US,1,589,783,,,,,,"['DERIVED', 'PRIMARY', 'VOLUME', 'NONE']",/home/stud1/giri/projects/Dataset/remind/ReMIND-017/31142/74130/Intraop US 003.dcm
ReMIND-019,1.3.6.1.4.1.14519.5.2.1.107899396252250857810870369409127673775,2,2D_AX_T2_FLAIR,,,MR,30,512,448,"[.410156242515203, .410156242244975]",5.0,1.0,,,"['ORIGINAL', 'PRIMARY', 'MPR']",/home/stud1/giri/projects/Dataset/remind/ReMIND-019/36908/73775/Preop MR 208.dcm
ReMIND-019,1.3.6.1.4.1.14519.5.2.1.12021924764935451998651833629133305396,301,cerebrum seg - MR ref: 3D_AX_T1_postcontrast,,,SEG,1,169,130,,,,,,"['DERIVED', 'PRIMARY']",/home/stud1/giri/projects/Dataset/remind/ReMIND-019/36908/05396/Preop SEG 001.dcm
ReMIND-019,1.3.6.1.4.1.14519.5.2.1.134023206523681414577344709060682562318,1,2D_AX_T2_BLADE,,,MR,30,320,320,"[.656249999999998, .656249999999998]",5.0,1.0,,,"['ORIGINAL', 'PRIMARY', 'MPR']",/home/stud1/giri/projects/Dataset/remind/ReMIND-019/36908/62318/Preop MR 451.dcm
ReMIND-019,1.3.6.1.4.1.14519.5.2.1.134272183130384218639278825520827112741,303,tumor seg - MR ref: 2D_AX_T2_BLADE,,,SEG,1,89,65,,,,,,"['DERIVED', 'PRIMARY']",/home/stud1/giri/projects/Dataset/remind/ReMIND-019/36908/12741/Preop SEG 003.dcm
ReMIND-019,1.3.6.1.4.1.14519.5.2.1.137169431412450015650753650814190904232,6,3D_AX_T1_postcontrast,,,MR,176,256,256,"[1.00000001401275, .999999975576416]",1.2,1.0,,,"['ORIGINAL', 'PRIMARY', 'MPR']",/home/stud1/giri/projects/Dataset/remind/ReMIND-019/60875/04232/Intraop MR 278.dcm
ReMIND-019,1.3.6.1.4.1.14519.5.2.1.151900118037695307122539427309111496844,1,US_pre_dura,,,US,1,655,821,,,,,,"['DERIVED', 'PRIMARY', 'VOLUME', 'NONE']",/home/stud1/giri/projects/Dataset/remind/ReMIND-019/60875/96844/Intraop US 002.dcm
ReMIND-019,1.3.6.1.4.1.14519.5.2.1.200043644849759541912389651023741525260,4,3D_AX_T2_SPACE,,,MR,208,320,320,"[.781249985427006, .781249999996987]",0.75,1.0,,,"['ORIGINAL', 'PRIMARY', 'MPR']",/home/stud1/giri/projects/Dataset/remind/ReMIND-019/36908/25260/Preop MR 303.dcm
ReMIND-019,1.3.6.1.4.1.14519.5.2.1.230223403562894576136107730627649993835,4,2D_AX_T2_BLADE,,,MR,70,256,256,"[.859375052155273, .859375051142452]",2.0,1.0,,,"['ORIGINAL', 'PRIMARY', 'MPR']",/home/stud1/giri/projects/Dataset/remind/ReMIND-019/60875/93835/Intraop MR 010.dcm
ReMIND-019,1.3.6.1.4.1.14519.5.2.1.234064384791144037554412331887022291962,305,tumor_residual seg - MR ref: 2D_AX_T2_BLADE,,,SEG,1,36,21,,,,,,"['DERIVED', 'PRIMARY']",/home/stud1/giri/projects/Dataset/remind/ReMIND-019/60875/91962/Intraop SEG 001.dcm
ReMIND-019,1.3.6.1.4.1.14519.5.2.1.35938097383272147617766042967135037281,300,ventricles seg - MR ref: 3D_AX_T1_postcontrast,,,SEG,1,110,78,,,,,,"['DERIVED', 'PRIMARY']",/home/stud1/giri/projects/Dataset/remind/ReMIND-019/36908/37281/Preop SEG 002.dcm
ReMIND-019,1.3.6.1.4.1.14519.5.2.1.45787270434144384274460154523068050901,3,3D_AX_T1_postcontrast,,,MR,192,256,208,"[.976562472850906, .976562489474222]",1.0,1.0,,,"['ORIGINAL', 'PRIMARY', 'MPR']",/home/stud1/giri/projects/Dataset/remind/ReMIND-019/36908/50901/Preop MR 094.dcm
ReMIND-019,1.3.6.1.4.1.14519.5.2.1.5273430965757014599716681448906385436,2,US_post_dura,,,US,1,596,737,,,,,,"['DERIVED', 'PRIMARY', 'VOLUME', 'NONE']",/home/stud1/giri/projects/Dataset/remind/ReMIND-019/60875/85436/Intraop US 003.dcm
ReMIND-019,1.3.6.1.4.1.14519.5.2.1.65192922061857869874073342418971683776,3,US_pre_imri,,,US,1,590,907,,,,,,"['DERIVED', 'PRIMARY', 'VOLUME', 'NONE']",/home/stud1/giri/projects/Dataset/remind/ReMIND-019/60875/83776/Intraop US 001.dcm
ReMIND-019,1.3.6.1.4.1.14519.5.2.1.72713385192051496360118453005078087872,5,2D_AX_T2_FLAIR,,,MR,74,512,512,"[.429687526077636, .429687525571226]",3.3,1.0,,,"['ORIGINAL', 'PRIMARY', 'MPR']",/home/stud1/giri/projects/Dataset/remind/ReMIND-019/60875/87872/Intraop MR 138.dcm
ReMIND-021,1.3.6.1.4.1.14519.5.2.1.128752372040059791034353323099220037497,2,2D_AX_T2_FLAIR,,,MR,30,320,270,"[.687499982567906, .687500003705833]",6.0,1.0,,,"['ORIGINAL', 'PRIMARY', 'MPR']",/home/stud1/giri/projects/Dataset/remind/ReMIND-021/67639/37497/Preop MR 503.dcm
ReMIND-021,1.3.6.1.4.1.14519.5.2.1.176094838676354931912799012843234339771,301,cerebrum seg - MR ref: 3D_AX_T1_postcontrast,,,SEG,1,495,414,,,,,,"['DERIVED', 'PRIMARY']",/home/stud1/giri/projects/Dataset/remind/ReMIND-021/67639/39771/Preop SEG 003.dcm
ReMIND-021,1.3.6.1.4.1.14519.5.2.1.193671115477204234309648370971105250436,3,US_pre_imri,,,US,1,703,750,,,,,,"['DERIVED', 'PRIMARY', 'VOLUME', 'NONE']",/home/stud1/giri/projects/Dataset/remind/ReMIND-021/93895/50436/Intraop US 002.dcm
ReMIND-021,1.3.6.1.4.1.14519.5.2.1.203368409083231308752044110514980757138,5,3D_AX_T2_SPACE,,,MR,192,256,256,"[.976562475974828, .9765625]",1.0,1.0,,,"['ORIGINAL', 'PRIMARY', 'MPR']",/home/stud1/giri/projects/Dataset/remind/ReMIND-021/67639/57138/Preop MR 303.dcm
ReMIND-021,1.3.6.1.4.1.14519.5.2.1.209860712158433750661712200605795599860,2,US_post_dura,,,US,1,808,851,,,,,,"['DERIVED', 'PRIMARY', 'VOLUME', 'NONE']",/home/stud1/giri/projects/Dataset/remind/ReMIND-021/93895/99860/Intraop US 001.dcm
ReMIND-021,1.3.6.1.4.1.14519.5.2.1.220215680378066804027762595031555352890,4,3D_AX_T1_postcontrast,,,MR,208,256,208,"[1.01562496913473, 1.01562502762436]",1.0,1.0,,,"['ORIGINAL', 'PRIMARY', 'MPR']",/home/stud1/giri/projects/Dataset/remind/ReMIND-021/67639/52890/Preop MR 094.dcm
ReMIND-021,1.3.6.1.4.1.14519.5.2.1.238815004182862680127478681600571877969,5,3D_SAG_T2_FLAIR,,,MR,176,512,512,"[.488281248115184, .488281253208611]",1.0,1.0,,,"['ORIGINAL', 'PRIMARY', 'MPR']",/home/stud1/giri/projects/Dataset/remind/ReMIND-021/93895/77969/Intraop MR 224.dcm
ReMIND-021,1.3.6.1.4.1.14519.5.2.1.267168342802701574852202737183456553378,1,2D_AX_T2_BLADE,,,MR,60,320,320,"[.687500088800682, .687500057135522]",2.6,1.0,,,"['ORIGINAL', 'PRIMARY', 'MPR']",/home/stud1/giri/projects/Dataset/remind/ReMIND-021/67639/53378/Preop MR 553.dcm
ReMIND-021,1.3.6.1.4.1.14519.5.2.1.293278476830006109951985298222332774164,303,tumor seg - MR ref: 3D_AX_T2_SPACE,,,SEG,1,53,37,,,,,,"['DERIVED', 'PRIMARY']",/home/stud1/giri/projects/Dataset/remind/ReMIND-021/67639/74164/Preop SEG 001.dcm
ReMIND-021,1.3.6.1.4.1.14519.5.2.1.293294711897153546295250162442647731650,4,2D_AX_T2_BLADE,,,MR,70,256,256,"[.85937502322722, .859375073743865]",2.0,1.0,,,"['ORIGINAL', 'PRIMARY', 'MPR']",/home/stud1/giri/projects/Dataset/remind/ReMIND-021/93895/31650/Intraop MR 010.dcm
ReMIND-021,1.3.6.1.4.1.14519.5.2.1.312487215378485804703196826777448714855,300,ventricles seg - MR ref: 3D_AX_T1_postcontrast,,,SEG,1,312,234,,,,,,"['DERIVED', 'PRIMARY']",/home/stud1/giri/projects/Dataset/remind/ReMIND-021/67639/14855/Preop SEG 004.dcm
ReMIND-021,1.3.6.1.4.1.14519.5.2.1.50583284716303093738652099126075762443,3,2D_COR_T2_BLADE,,,MR,76,320,320,"[.687500012918016, .687500011404271]",2.6,1.0,,,"['ORIGINAL', 'PRIMARY', 'MPR']",/home/stud1/giri/projects/Dataset/remind/ReMIND-021/67639/62443/Preop MR 403.dcm
ReMIND-021,1.3.6.1.4.1.14519.5.2.1.52017372084734677742148244460878860960,302,previous_resection_cavity seg - MR ref: 3D_AX_T1_postcontrast,,,SEG,1,27,27,,,,,,"['DERIVED', 'PRIMARY']",/home/stud1/giri/projects/Dataset/remind/ReMIND-021/67639/60960/Preop SEG 002.dcm
ReMIND-021,1.3.6.1.4.1.14519.5.2.1.56111515769608408648048143803519340958,1,US_pre_dura,,,US,1,693,797,,,,,,"['DERIVED', 'PRIMARY', 'VOLUME', 'NONE']",/home/stud1/giri/projects/Dataset/remind/ReMIND-021/93895/40958/Intraop US 003.dcm
ReMIND-021,1.3.6.1.4.1.14519.5.2.1.56137325899223939889669089606706611776,305,tumor_residual seg - MR ref: 3D_SAG_T2_FLAIR,,,SEG,1,57,96,,,,,,"['DERIVED', 'PRIMARY']",/home/stud1/giri/projects/Dataset/remind/ReMIND-021/93895/11776/Intraop SEG 001.dcm
ReMIND-022,1.3.6.1.4.1.14519.5.2.1.112232071117367413386378191224218972734,1,3D_AX_T1_postcontrast,,,MR,176,256,248,"[.97656248258606, .976562518619775]",1.0,1.0,,,"['ORIGINAL', 'PRIMARY', 'MPR']",/home/stud1/giri/projects/Dataset/remind/ReMIND-022/82785/72734/Preop MR 303.dcm
ReMIND-022,1.3.6.1.4.1.14519.5.2.1.140070918899931113017082719982659033911,1,US_pre_dura,,,US,1,610,852,,,,,,"['DERIVED', 'PRIMARY', 'VOLUME', 'NONE']",/home/stud1/giri/projects/Dataset/remind/ReMIND-022/55187/33911/Intraop US 001.dcm
ReMIND-022,1.3.6.1.4.1.14519.5.2.1.144970959353512724200681967400737973647,5,3D_AX_T1_postcontrast,,,MR,176,256,256,"[1.0000000255266, .999999977213761]",1.0,1.0,,,"['ORIGINAL', 'PRIMARY', 'MPR']",/home/stud1/giri/projects/Dataset/remind/ReMIND-022/55187/73647/Intraop MR 010.dcm
ReMIND-022,1.3.6.1.4.1.14519.5.2.1.254847120180663454046150802422352547295,303,tumor seg - MR ref: 3D_AX_T1_postcontrast,,,SEG,1,16,13,,,,,,"['DERIVED', 'PRIMARY']",/home/stud1/giri/projects/Dataset/remind/ReMIND-022/82785/47295/Preop SEG 001.dcm
ReMIND-022,1.3.6.1.4.1.14519.5.2.1.255208910384019075777857121694123365914,302,previous_resection_cavity seg - MR ref: 3D_AX_T1_postcontrast,,,SEG,1,40,27,,,,,,"['DERIVED', 'PRIMARY']",/home/stud1/giri/projects/Dataset/remind/ReMIND-022/82785/65914/Preop SEG 002.dcm
ReMIND-022,1.3.6.1.4.1.14519.5.2.1.301938145225286607994458857102356431371,2,US_post_dura,,,US,1,598,772,,,,,,"['DERIVED', 'PRIMARY', 'VOLUME', 'NONE']",/home/stud1/giri/projects/Dataset/remind/ReMIND-022/55187/31371/Intraop US 002.dcm
ReMIND-022,1.3.6.1.4.1.14519.5.2.1.339264958463185614575757351527438389599,4,2D_AX_T2_BLADE,,,MR,70,256,256,"[.859374974613132, .859375005128239]",2.0,1.0,,,"['ORIGINAL', 'PRIMARY', 'MPR']",/home/stud1/giri/projects/Dataset/remind/ReMIND-022/55187/89599/Intraop MR 224.dcm
ReMIND-022,1.3.6.1.4.1.14519.5.2.1.49643939387358569716938626151993360760,2,3D_AX_T2_SPACE,,,MR,192,256,256,"[.97656250238987, .976562551002476]",1.0,1.0,,,"['ORIGINAL', 'PRIMARY', 'MPR']",/home/stud1/giri/projects/Dataset/remind/ReMIND-022/82785/60760/Preop MR 094.dcm
ReMIND-022,1.3.6.1.4.1.14519.5.2.1.79541303713405878556267135190908686465,3,US_pre_imri,,,US,1,598,742,,,,,,"['DERIVED', 'PRIMARY', 'VOLUME', 'NONE']",/home/stud1/giri/projects/Dataset/remind/ReMIND-022/55187/86465/Intraop US 003.dcm
ReMIND-023,1.3.6.1.4.1.14519.5.2.1.103321447488101359226771846415153516500,6,3D_SAG_T2_FLAIR,,,MR,176,512,512,"[.488281235506163, .488281283742228]",1.0,1.0,,,"['ORIGINAL', 'PRIMARY', 'MPR']",/home/stud1/giri/projects/Dataset/remind/ReMIND-023/09848/16500/Intraop MR 010.dcm
ReMIND-023,1.3.6.1.4.1.14519.5.2.1.121607091878400009171044588200200527412,303,tumor seg - MR ref: 3D_SAG_T1_MP2RAGE,,,SEG,1,21,24,,,,,,"['DERIVED', 'PRIMARY']",/home/stud1/giri/projects/Dataset/remind/ReMIND-023/45087/27412/Preop SEG 001.dcm
ReMIND-023,1.3.6.1.4.1.14519.5.2.1.129173552019294144535578449820484143604,1,2D_AX_T2_BLADE,,,MR,70,320,320,"[.687500012542333, .687500010606225]",2.2,1.0,,,"['ORIGINAL', 'PRIMARY', 'MPR']",/home/stud1/giri/projects/Dataset/remind/ReMIND-023/45087/43604/Preop MR 553.dcm
ReMIND-023,1.3.6.1.4.1.14519.5.2.1.147364582235102157447057305967183949327,4,3D_AX_T1_postcontrast,,,MR,192,256,216,"[1.01562505098534, 1.01562503158222]",1.0,1.0,,,"['ORIGINAL', 'PRIMARY', 'MPR']",/home/stud1/giri/projects/Dataset/remind/ReMIND-023/45087/49327/Preop MR 303.dcm
ReMIND-023,1.3.6.1.4.1.14519.5.2.1.15518930276011156639779446443384759550,3,2D_COR_T2_BLADE,,,MR,86,256,256,"[.859375089972711, .859375073566789]",2.2,1.0,,,"['ORIGINAL', 'PRIMARY', 'MPR']",/home/stud1/giri/projects/Dataset/remind/ReMIND-023/45087/59550/Preop MR 081.dcm
ReMIND-023,1.3.6.1.4.1.14519.5.2.1.15912358063853151110922668069207132752,5,3D_SAG_T1_MP2RAGE,,,MR,176,256,240,"[1.01562504465009, 1.01562501982546]",1.0,1.0,,,"['ORIGINAL', 'PRIMARY', 'MPR']",/home/stud1/giri/projects/Dataset/remind/ReMIND-023/45087/32752/Preop MR 372.dcm
ReMIND-023,1.3.6.1.4.1.14519.5.2.1.178131951857955917412589543399532395260,4,2D_AX_T2_BLADE,,,MR,70,256,256,"[.859374974780811, .859374984949216]",2.0,1.0,,,"['ORIGINAL', 'PRIMARY', 'MPR']",/home/stud1/giri/projects/Dataset/remind/ReMIND-023/09848/95260/Intraop MR 224.dcm
ReMIND-023,1.3.6.1.4.1.14519.5.2.1.182226986895881328776390722389102512828,305,tumor_residual seg - MR ref: 3D_AX_T1_MP2RAGE,,,SEG,1,33,30,,,,,,"['DERIVED', 'PRIMARY']",/home/stud1/giri/projects/Dataset/remind/ReMIND-023/09848/12828/Intraop SEG 001.dcm
ReMIND-023,1.3.6.1.4.1.14519.5.2.1.19135556021042658746421476503509327269,5,3D_AX_T1_MP2RAGE,,,MR,193,256,256,"[.999999998069304, 1.00000000564353]",1.0,1.0,,,"['ORIGINAL', 'PRIMARY', 'MPR']",/home/stud1/giri/projects/Dataset/remind/ReMIND-023/09848/27269/Intraop MR 373.dcm
ReMIND-023,1.3.6.1.4.1.14519.5.2.1.207574261828334941801401087250397860816,2,2D_AX_T2_FLAIR,,,MR,32,320,280,"[.656249981310073, .656250000045962]",5.0,1.0,,,"['ORIGINAL', 'PRIMARY', 'MPR']",/home/stud1/giri/projects/Dataset/remind/ReMIND-023/45087/60816/Preop MR 094.dcm
ReMIND-023,1.3.6.1.4.1.14519.5.2.1.229063924195156492220643991189118349143,2,US_post_dura,,,US,1,593,734,,,,,,"['DERIVED', 'PRIMARY', 'VOLUME', 'NONE']",/home/stud1/giri/projects/Dataset/remind/ReMIND-023/09848/49143/Intraop US 002.dcm
ReMIND-023,1.3.6.1.4.1.14519.5.2.1.297655124387945325085635353456366297511,3,US_pre_imri,,,US,1,599,738,,,,,,"['DERIVED', 'PRIMARY', 'VOLUME', 'NONE']",/home/stud1/giri/projects/Dataset/remind/ReMIND-023/09848/97511/Intraop US 001.dcm
ReMIND-023,1.3.6.1.4.1.14519.5.2.1.64366016655972104488981204667594872447,1,US_pre_dura,,,US,1,618,738,,,,,,"['DERIVED', 'PRIMARY', 'VOLUME', 'NONE']",/home/stud1/giri/projects/Dataset/remind/ReMIND-023/09848/72447/Intraop US 003.dcm
ReMIND-023,1.3.6.1.4.1.14519.5.2.1.87888477997807342560457243097630154698,301,cerebrum seg - MR ref: 3D_AX_T1_postcontrast,,,SEG,1,540,423,,,,,,"['DERIVED', 'PRIMARY']",/home/stud1/giri/projects/Dataset/remind/ReMIND-023/45087/54698/Preop SEG 002.dcm
ReMIND-024,1.3.6.1.4.1.14519.5.2.1.104397811702026332896230935153491083007,300,ventricles seg - MR ref: 3D_AX_T1_postcontrast,,,SEG,1,267,195,,,,,,"['DERIVED', 'PRIMARY']",/home/stud1/giri/projects/Dataset/remind/ReMIND-024/51028/83007/Preop SEG 001.dcm
ReMIND-024,1.3.6.1.4.1.14519.5.2.1.113906398442769668053176255136774199482,6,3D_SAG_T2_FLAIR,,,MR,176,512,512,"[.488281253625684, .488281236444793]",1.0,1.0,,,"['ORIGINAL', 'PRIMARY', 'MPR']",/home/stud1/giri/projects/Dataset/remind/ReMIND-024/27350/99482/Intraop MR 010.dcm
ReMIND-024,1.3.6.1.4.1.14519.5.2.1.123394641442324436898373332162924913326,3,US_pre_imri,,,US,1,662,810,,,,,,"['DERIVED', 'PRIMARY', 'VOLUME', 'NONE']",/home/stud1/giri/projects/Dataset/remind/ReMIND-024/27350/13326/Intraop US 001.dcm
ReMIND-024,1.3.6.1.4.1.14519.5.2.1.130412818520739123485779843110938526640,5,3D_AX_T1_postcontrast,,,MR,176,256,256,"[.999999997355464, .999999986878499]",1.0,1.0,,,"['ORIGINAL', 'PRIMARY', 'MPR']",/home/stud1/giri/projects/Dataset/remind/ReMIND-024/27350/26640/Intraop MR 278.dcm
ReMIND-024,1.3.6.1.4.1.14519.5.2.1.153549911340620831522581502414426066946,2,2D_COR_T2_BLADE,,,MR,80,512,512,"[.410156237191412, .410156238893085]",2.5,1.0,,,"['ORIGINAL', 'PRIMARY', 'MPR']",/home/stud1/giri/projects/Dataset/remind/ReMIND-024/51028/66946/Preop MR 048.dcm
ReMIND-024,1.3.6.1.4.1.14519.5.2.1.210338266280246384986920060208409585805,4,2D_AX_T2_BLADE,,,MR,70,256,256,"[.859374985066662, .859375027073335]",2.0,1.0,,,"['ORIGINAL', 'PRIMARY', 'MPR']",/home/stud1/giri/projects/Dataset/remind/ReMIND-024/27350/85805/Intraop MR 373.dcm
ReMIND-024,1.3.6.1.4.1.14519.5.2.1.226370507401506462522192096058150735133,301,cerebrum seg - MR ref: 3D_AX_T1_postcontrast,,,SEG,1,430,330,,,,,,"['DERIVED', 'PRIMARY']",/home/stud1/giri/projects/Dataset/remind/ReMIND-024/51028/35133/Preop SEG 003.dcm
ReMIND-024,1.3.6.1.4.1.14519.5.2.1.237193730590361801248385791692623510961,2,US_post_dura,,,US,1,635,1010,,,,,,"['DERIVED', 'PRIMARY', 'VOLUME', 'NONE']",/home/stud1/giri/projects/Dataset/remind/ReMIND-024/27350/10961/Intraop US 003.dcm
ReMIND-024,1.3.6.1.4.1.14519.5.2.1.264480911644228562053217056718114594638,3,3D_AX_T1_postcontrast,,,MR,348,512,512,"[.488299995660781, .488299995660781]",0.5,1.0,,,"['ORIGINAL', 'PRIMARY', 'MPR']",/home/stud1/giri/projects/Dataset/remind/ReMIND-024/51028/94638/Preop MR 553.dcm
ReMIND-024,1.3.6.1.4.1.14519.5.2.1.296883006768793625466740626282001912418,1,2D_AX_T2_BLADE,,,MR,60,512,512,"[.41015627436576, .410156270024938]",2.5,1.0,,,"['ORIGINAL', 'PRIMARY', 'MPR']",/home/stud1/giri/projects/Dataset/remind/ReMIND-024/51028/12418/Preop MR 094.dcm
ReMIND-024,1.3.6.1.4.1.14519.5.2.1.320353461184593530334711327172944365060,1,US_pre_dura,,,US,1,649,888,,,,,,"['DERIVED', 'PRIMARY', 'VOLUME', 'NONE']",/home/stud1/giri/projects/Dataset/remind/ReMIND-024/27350/65060/Intraop US 002.dcm
ReMIND-024,1.3.6.1.4.1.14519.5.2.1.5690476133520956967179631186080986732,4,3D_AX_T2_SPACE,,,MR,192,256,256,"[.976562539158743, .976562491115962]",1.0,1.0,,,"['ORIGINAL', 'PRIMARY', 'MPR']",/home/stud1/giri/projects/Dataset/remind/ReMIND-024/51028/86732/Preop MR 303.dcm
ReMIND-024,1.3.6.1.4.1.14519.5.2.1.82680316528552058844499882288602071129,303,tumor seg - MR ref: 3D_AX_T2_SPACE,,,SEG,1,89,62,,,,,,"['DERIVED', 'PRIMARY']",/home/stud1/giri/projects/Dataset/remind/ReMIND-024/51028/71129/Preop SEG 002.dcm
ReMIND-026,1.3.6.1.4.1.14519.5.2.1.105870600398724744159674610348971701912,300,ventricles seg - MR ref: 3D_AX_T1_postcontrast,,,SEG,1,101,79,,,,,,"['DERIVED', 'PRIMARY']",/home/stud1/giri/projects/Dataset/remind/ReMIND-026/07331/01912/Preop SEG 003.dcm
ReMIND-026,1.3.6.1.4.1.14519.5.2.1.136181799555457829252334859148802635151,301,cerebrum seg - MR ref: 3D_AX_T1_postcontrast,,,SEG,1,504,414,,,,,,"['DERIVED', 'PRIMARY']",/home/stud1/giri/projects/Dataset/remind/ReMIND-026/07331/35151/Preop SEG 002.dcm
ReMIND-026,1.3.6.1.4.1.14519.5.2.1.140386198106580598938145417095186791268,5,3D_SAG_T2_FLAIR,,,MR,176,512,512,"[.48828124401747, .488281251650987]",1.0,1.0,,,"['ORIGINAL', 'PRIMARY', 'MPR']",/home/stud1/giri/projects/Dataset/remind/ReMIND-026/18895/91268/Intraop MR 224.dcm
ReMIND-026,1.3.6.1.4.1.14519.5.2.1.207315478101258662074880875173024555497,4,2D_AX_T2_BLADE,,,MR,70,256,256,"[.859375017790403, .859375042388084]",2.0,1.0,,,"['ORIGINAL', 'PRIMARY', 'MPR']",/home/stud1/giri/projects/Dataset/remind/ReMIND-026/18895/55497/Intraop MR 010.dcm
ReMIND-026,1.3.6.1.4.1.14519.5.2.1.212326792640348325209075834329354978638,3,US_pre_imri,,,US,1,735,751,,,,,,"['DERIVED', 'PRIMARY', 'VOLUME', 'NONE']",/home/stud1/giri/projects/Dataset/remind/ReMIND-026/18895/78638/Intraop US 002.dcm
ReMIND-026,1.3.6.1.4.1.14519.5.2.1.290345726132439500719979915503114167701,2,3D_SAG_T2_FLAIR,,,MR,176,512,512,"[.468799986501908, .468799987135049]",1.0,1.0,,,"['ORIGINAL', 'PRIMARY', 'MPR']",/home/stud1/giri/projects/Dataset/remind/ReMIND-026/07331/67701/Preop MR 094.dcm
ReMIND-026,1.3.6.1.4.1.14519.5.2.1.293485237144846613227798169221532236204,1,US_pre_dura,,,US,1,732,1046,,,,,,"['DERIVED', 'PRIMARY', 'VOLUME', 'NONE']",/home/stud1/giri/projects/Dataset/remind/ReMIND-026/18895/36204/Intraop US 001.dcm
ReMIND-026,1.3.6.1.4.1.14519.5.2.1.326340925772709185870139375269076477702,303,tumor seg - MR ref: 3D_SAG_T2_FLAIR,,,SEG,1,139,156,,,,,,"['DERIVED', 'PRIMARY']",/home/stud1/giri/projects/Dataset/remind/ReMIND-026/07331/77702/Preop SEG 001.dcm
ReMIND-026,1.3.6.1.4.1.14519.5.2.1.33566236528818883218264678469555493190,1,3D_AX_T1_postcontrast,,,MR,176,256,256,"[1.00000001498193, 1.00000002316073]",1.0,1.0,,,"['ORIGINAL', 'PRIMARY', 'MPR']",/home/stud1/giri/projects/Dataset/remind/ReMIND-026/07331/93190/Preop MR 303.dcm
ReMIND-026,1.3.6.1.4.1.14519.5.2.1.79104152116906148722303539556248188693,2,US_post_dura,,,US,1,694,792,,,,,,"['DERIVED', 'PRIMARY', 'VOLUME', 'NONE']",/home/stud1/giri/projects/Dataset/remind/ReMIND-026/18895/88693/Intraop US 003.dcm
ReMIND-026,1.3.6.1.4.1.14519.5.2.1.97252921524467343352838232746744155512,305,tumor_residual seg - MR ref: 3D_SAG_T2_FLAIR,,,SEG,1,60,91,,,,,,"['DERIVED', 'PRIMARY']",/home/stud1/giri/projects/Dataset/remind/ReMIND-026/18895/55512/Intraop SEG 001.dcm
ReMIND-027,1.3.6.1.4.1.14519.5.2.1.119818332886458536931657528430838642185,300,ventricles seg - MR ref: 3D_AX_T1_postcontrast,,,SEG,1,314,256,,,,,,"['DERIVED', 'PRIMARY']",/home/stud1/giri/projects/Dataset/remind/ReMIND-027/26834/42185/Preop SEG 001.dcm
ReMIND-027,1.3.6.1.4.1.14519.5.2.1.155610095689860401956071608661711369158,1,3D_AX_T1_postcontrast,,,MR,176,256,216,"[.9765625, .9765625]",1.0,1.0,,,"['ORIGINAL', 'PRIMARY', 'MPR']",/home/stud1/giri/projects/Dataset/remind/ReMIND-027/26834/69158/Preop MR 094.dcm
ReMIND-027,1.3.6.1.4.1.14519.5.2.1.178049238392416146111143314970045908391,305,tumor_residual seg - MR ref: 2D_AX_T2_BLADE,,,SEG,1,56,37,,,,,,"['DERIVED', 'PRIMARY']",/home/stud1/giri/projects/Dataset/remind/ReMIND-027/46693/08391/Intraop SEG 001.dcm
ReMIND-027,1.3.6.1.4.1.14519.5.2.1.1797266114348844959964854704658876377,3,US_pre_imri,,,US,1,620,747,,,,,,"['DERIVED', 'PRIMARY', 'VOLUME', 'NONE']",/home/stud1/giri/projects/Dataset/remind/ReMIND-027/46693/76377/Intraop US 002.dcm
ReMIND-027,1.3.6.1.4.1.14519.5.2.1.202533962272759919616997359012574147634,4,2D_AX_T2_BLADE,,,MR,70,256,256,"[.85937499295041, .859374984842635]",2.0,1.0,,,"['ORIGINAL', 'PRIMARY', 'MPR']",/home/stud1/giri/projects/Dataset/remind/ReMIND-027/46693/47634/Intraop MR 224.dcm
ReMIND-027,1.3.6.1.4.1.14519.5.2.1.206337694356481734234581466432042757512,301,cerebrum seg - MR ref: 3D_AX_T1_postcontrast,,,SEG,1,156,142,,,,,,"['DERIVED', 'PRIMARY']",/home/stud1/giri/projects/Dataset/remind/ReMIND-027/26834/57512/Preop SEG 002.dcm
ReMIND-027,1.3.6.1.4.1.14519.5.2.1.208023280384181510131757436374856304176,7,3D_AX_T1_precontrast,,,MR,176,256,256,"[1.00000000105529, 1.00000001124112]",1.2,1.0,,,"['ORIGINAL', 'PRIMARY', 'MPR']",/home/stud1/giri/projects/Dataset/remind/ReMIND-027/46693/04176/Intraop MR 010.dcm
ReMIND-027,1.3.6.1.4.1.14519.5.2.1.217364814783198377669368646132369946301,6,2D_COR_T2_BLADE,,,MR,80,256,256,"[.859375040210737, .859374979604563]",2.0,1.0,,,"['ORIGINAL', 'PRIMARY', 'MPR']",/home/stud1/giri/projects/Dataset/remind/ReMIND-027/46693/46301/Intraop MR 278.dcm
ReMIND-027,1.3.6.1.4.1.14519.5.2.1.241452231115022395089507422854077053631,2,3D_AX_T2_SPACE,,,MR,176,256,256,"[.976562511723347, .976562476530928]",1.0,1.0,,,"['ORIGINAL', 'PRIMARY', 'MPR']",/home/stud1/giri/projects/Dataset/remind/ReMIND-027/26834/53631/Preop MR 303.dcm
ReMIND-027,1.3.6.1.4.1.14519.5.2.1.28434759015233120418644315843583334339,303,tumor seg - MR ref: 3D_AX_T2_SPACE,,,SEG,1,38,30,,,,,,"['DERIVED', 'PRIMARY']",/home/stud1/giri/projects/Dataset/remind/ReMIND-027/26834/34339/Preop SEG 003.dcm
ReMIND-027,1.3.6.1.4.1.14519.5.2.1.44914117447057135620786723439701402960,5,2D_AX_T2_FLAIR,,,MR,74,512,512,"[.429687487569378, .42968750016134]",3.3,1.0,,,"['ORIGINAL', 'PRIMARY', 'MPR']",/home/stud1/giri/projects/Dataset/remind/ReMIND-027/46693/02960/Intraop MR 373.dcm
ReMIND-027,1.3.6.1.4.1.14519.5.2.1.80614701281394724755432096149084803750,1,US_pre_dura,,,US,1,593,759,,,,,,"['DERIVED', 'PRIMARY', 'VOLUME', 'NONE']",/home/stud1/giri/projects/Dataset/remind/ReMIND-027/46693/03750/Intraop US 001.dcm
ReMIND-027,1.3.6.1.4.1.14519.5.2.1.83789406543309651847286403528162335268,2,US_post_dura,,,US,1,663,752,,,,,,"['DERIVED', 'PRIMARY', 'VOLUME', 'NONE']",/home/stud1/giri/projects/Dataset/remind/ReMIND-027/46693/35268/Intraop US 003.dcm
ReMIND-028,1.3.6.1.4.1.14519.5.2.1.136047649560946049008430405119826969999,4,2D_AX_T2_BLADE,,,MR,70,256,256,"[.859375002507005, .859375088985834]",2.0,1.0,,,"['ORIGINAL', 'PRIMARY', 'MPR']",/home/stud1/giri/projects/Dataset/remind/ReMIND-028/19244/69999/Intraop MR 278.dcm
ReMIND-028,1.3.6.1.4.1.14519.5.2.1.152434561047755296455507559621288360689,7,3D_SAG_T2_FLAIR,,,MR,176,512,512,"[.488281237676631, .488281252168334]",1.0,1.0,,,"['ORIGINAL', 'PRIMARY', 'MPR']",/home/stud1/giri/projects/Dataset/remind/ReMIND-028/19244/60689/Intraop MR 373.dcm
ReMIND-028,1.3.6.1.4.1.14519.5.2.1.239066995790007368853669505117988433767,5,2D_COR_T2_BLADE,,,MR,70,256,256,"[.859374987579109, .859374982124637]",3.0,1.0,,,"['ORIGINAL', 'PRIMARY', 'MPR']",/home/stud1/giri/projects/Dataset/remind/ReMIND-028/19244/33767/Intraop MR 224.dcm
ReMIND-028,1.3.6.1.4.1.14519.5.2.1.25680207370191641853840264814750396208,2,3D_AX_T1_postcontrast,,,MR,202,256,256,"[.976599985517284, .976600048954385]",0.999998,1.0,,,"['ORIGINAL', 'PRIMARY', 'MPR']",/home/stud1/giri/projects/Dataset/remind/ReMIND-028/36829/96208/Preop MR 094.dcm
ReMIND-028,1.3.6.1.4.1.14519.5.2.1.262045866100438454259289146658031751265,1,US_pre_dura,,,US,1,592,768,,,,,,"['DERIVED', 'PRIMARY', 'VOLUME', 'NONE']",/home/stud1/giri/projects/Dataset/remind/ReMIND-028/19244/51265/Intraop US 003.dcm
ReMIND-028,1.3.6.1.4.1.14519.5.2.1.273509331693505873174716417212737023035,2,US_post_dura,,,US,1,712,930,,,,,,"['DERIVED', 'PRIMARY', 'VOLUME', 'NONE']",/home/stud1/giri/projects/Dataset/remind/ReMIND-028/19244/23035/Intraop US 002.dcm
ReMIND-028,1.3.6.1.4.1.14519.5.2.1.41913727503107618932563447181855108057,6,3D_AX_T1_postcontrast,,,MR,176,256,256,"[1.00000000677423, .999999980049495]",1.0,1.0,,,"['ORIGINAL', 'PRIMARY', 'MPR']",/home/stud1/giri/projects/Dataset/remind/ReMIND-028/19244/08057/Intraop MR 010.dcm
ReMIND-028,1.3.6.1.4.1.14519.5.2.1.46290663495792249348457281303629188193,3,US_pre_imri,,,US,1,749,750,,,,,,"['DERIVED', 'PRIMARY', 'VOLUME', 'NONE']",/home/stud1/giri/projects/Dataset/remind/ReMIND-028/19244/88193/Intraop US 001.dcm
ReMIND-028,1.3.6.1.4.1.14519.5.2.1.61232828104516153408597917679672605993,303,tumor seg - MR ref: 3D_AX_T1_postcontrast,,,SEG,1,63,54,,,,,,"['DERIVED', 'PRIMARY']",/home/stud1/giri/projects/Dataset/remind/ReMIND-028/36829/05993/Preop SEG 001.dcm
ReMIND-028,1.3.6.1.4.1.14519.5.2.1.63151547678807542626645497512438804755,1,2D_AX_T2_FLAIR,,,MR,30,512,512,"[.390600016509322, .390600038606864]",5.0,1.0,,,"['ORIGINAL', 'PRIMARY', 'MPR']",/home/stud1/giri/projects/Dataset/remind/ReMIND-028/36829/04755/Preop MR 230.dcm
ReMIND-029,1.3.6.1.4.1.14519.5.2.1.102252625613139076187471395843489812326,3,US_pre_imri,,,US,1,575,692,,,,,,"['DERIVED', 'PRIMARY', 'VOLUME', 'NONE']",/home/stud1/giri/projects/Dataset/remind/ReMIND-029/64963/12326/Intraop US 002.dcm
ReMIND-029,1.3.6.1.4.1.14519.5.2.1.159923850196656622002709199276449265025,303,tumor seg - MR ref: 3D_AX_T1_postcontrast,,,SEG,1,29,24,,,,,,"['DERIVED', 'PRIMARY']",/home/stud1/giri/projects/Dataset/remind/ReMIND-029/60021/65025/Preop SEG 001.dcm
ReMIND-029,1.3.6.1.4.1.14519.5.2.1.191919245055174684272216529719500888014,2,US_post_dura,,,US,1,577,709,,,,,,"['DERIVED', 'PRIMARY', 'VOLUME', 'NONE']",/home/stud1/giri/projects/Dataset/remind/ReMIND-029/64963/88014/Intraop US 001.dcm
ReMIND-029,1.3.6.1.4.1.14519.5.2.1.215628970217011708136344591053662742571,5,3D_AX_T1_postcontrast,,,MR,176,256,256,"[.99999999999999, .999999999999988]",1.0,1.0,,,"['ORIGINAL', 'PRIMARY', 'MPR']",/home/stud1/giri/projects/Dataset/remind/ReMIND-029/64963/42571/Intraop MR 010.dcm
ReMIND-029,1.3.6.1.4.1.14519.5.2.1.232490749589491244285921183667071443893,1,2D_AX_T2,,,MR,32,896,784,"[.234374999227588, .234374999999999]",5.0,1.0,,,"['ORIGINAL', 'PRIMARY', 'MPR']",/home/stud1/giri/projects/Dataset/remind/ReMIND-029/60021/43893/Preop MR 303.dcm
ReMIND-029,1.3.6.1.4.1.14519.5.2.1.273163478534587357085903519083400975087,2,2D_COR_T2_BLADE,,,MR,98,320,320,"[.687500007475787, .687500002179949]",2.0,1.0,,,"['ORIGINAL', 'PRIMARY', 'MPR']",/home/stud1/giri/projects/Dataset/remind/ReMIND-029/60021/75087/Preop MR 230.dcm
ReMIND-029,1.3.6.1.4.1.14519.5.2.1.279894313459288666931504991082770378061,4,3D_AX_T2_SPACE,,,MR,192,256,256,"[.976562471110103, .976562557556614]",1.0,1.0,,,"['ORIGINAL', 'PRIMARY', 'MPR']",/home/stud1/giri/projects/Dataset/remind/ReMIND-029/60021/78061/Preop MR 372.dcm
ReMIND-029,1.3.6.1.4.1.14519.5.2.1.303926532244233836672162494299986215300,4,2D_AX_T2_BLADE,,,MR,70,256,256,"[.859375016211305, .85937499006875]",2.0,1.0,,,"['ORIGINAL', 'PRIMARY', 'MPR']",/home/stud1/giri/projects/Dataset/remind/ReMIND-029/64963/15300/Intraop MR 224.dcm
ReMIND-029,1.3.6.1.4.1.14519.5.2.1.332624402000596624976386859115027360327,3,3D_AX_T1_postcontrast,,,MR,176,256,216,"[.976562514575568, .976562575706674]",1.0,1.0,,,"['ORIGINAL', 'PRIMARY', 'MPR']",/home/stud1/giri/projects/Dataset/remind/ReMIND-029/60021/60327/Preop MR 094.dcm
ReMIND-029,1.3.6.1.4.1.14519.5.2.1.83855873107481664693225200782183866540,1,US_pre_dura,,,US,1,604,832,,,,,,"['DERIVED', 'PRIMARY', 'VOLUME', 'NONE']",/home/stud1/giri/projects/Dataset/remind/ReMIND-029/64963/66540/Intraop US 003.dcm
ReMIND-029,1.3.6.1.4.1.14519.5.2.1.97894643138340986008441456853128152038,305,tumor_residual seg - MR ref: 3D_AX_T1_postcontrast,,,SEG,1,8,11,,,,,,"['DERIVED', 'PRIMARY']",/home/stud1/giri/projects/Dataset/remind/ReMIND-029/64963/52038/Intraop SEG 001.dcm
ReMIND-030,1.3.6.1.4.1.14519.5.2.1.137085753646217565731929042876975368776,303,tumor seg - MR ref: 3D_AX_T1_postcontrast,,,SEG,1,24,21,,,,,,"['DERIVED', 'PRIMARY']",/home/stud1/giri/projects/Dataset/remind/ReMIND-030/84751/68776/Preop SEG 002.dcm
ReMIND-030,1.3.6.1.4.1.14519.5.2.1.153501389687072579611531119146537423102,1,2D_AX_T2_FLAIR,,,MR,36,320,260,"[.68749998973649, .687500020466373]",5.0,1.0,,,"['ORIGINAL', 'PRIMARY', 'MPR']",/home/stud1/giri/projects/Dataset/remind/ReMIND-030/84751/23102/Preop MR 208.dcm
ReMIND-030,1.3.6.1.4.1.14519.5.2.1.154339651094175939116850974346851708255,6,3D_AX_T1_postcontrast,,,MR,176,256,256,"[1.00000001477956, 1.00000001537009]",1.0,1.0,,,"['ORIGINAL', 'PRIMARY', 'MPR']",/home/stud1/giri/projects/Dataset/remind/ReMIND-030/63882/08255/Intraop MR 373.dcm
ReMIND-030,1.3.6.1.4.1.14519.5.2.1.25567608336977349758495268837566644503,1,US_pre_dura,,,US,1,608,787,,,,,,"['DERIVED', 'PRIMARY', 'VOLUME', 'NONE']",/home/stud1/giri/projects/Dataset/remind/ReMIND-030/63882/44503/Intraop US 003.dcm
ReMIND-030,1.3.6.1.4.1.14519.5.2.1.282572208608235859312202258403106256835,4,2D_AX_T2_BLADE,,,MR,70,256,256,"[.859375080792169, .859375025018293]",2.0,1.0,,,"['ORIGINAL', 'PRIMARY', 'MPR']",/home/stud1/giri/projects/Dataset/remind/ReMIND-030/63882/56835/Intraop MR 426.dcm
ReMIND-030,1.3.6.1.4.1.14519.5.2.1.284367024049386809490812165006626634189,7,3D_SAG_T2_FLAIR,,,MR,176,512,512,"[.488281245673059, .48828124350024]",1.0,1.0,,,"['ORIGINAL', 'PRIMARY', 'MPR']",/home/stud1/giri/projects/Dataset/remind/ReMIND-030/63882/34189/Intraop MR 224.dcm
ReMIND-030,1.3.6.1.4.1.14519.5.2.1.294129986160651213284649763187002423708,2,US_post_dura,,,US,1,581,723,,,,,,"['DERIVED', 'PRIMARY', 'VOLUME', 'NONE']",/home/stud1/giri/projects/Dataset/remind/ReMIND-030/63882/23708/Intraop US 002.dcm
ReMIND-030,1.3.6.1.4.1.14519.5.2.1.303063315420565292336516089544288176928,5,2D_COR_T2_BLADE,,,MR,70,256,256,"[.859374978760182, .859374974535887]",3.0,1.0,,,"['ORIGINAL', 'PRIMARY', 'MPR']",/home/stud1/giri/projects/Dataset/remind/ReMIND-030/63882/76928/Intraop MR 010.dcm
ReMIND-030,1.3.6.1.4.1.14519.5.2.1.34038567570616941150764265076539718841,2,3D_AX_T1_postcontrast,,,MR,192,256,208,"[1.015625, 1.015625]",1.0,1.0,,,"['ORIGINAL', 'PRIMARY', 'MPR']",/home/stud1/giri/projects/Dataset/remind/ReMIND-030/84751/18841/Preop MR 094.dcm
ReMIND-030,1.3.6.1.4.1.14519.5.2.1.60761044638664339456071261947462255113,3,US_pre_imri,,,US,1,564,711,,,,,,"['DERIVED', 'PRIMARY', 'VOLUME', 'NONE']",/home/stud1/giri/projects/Dataset/remind/ReMIND-030/63882/55113/Intraop US 001.dcm
ReMIND-030,1.3.6.1.4.1.14519.5.2.1.71057713982372601947621449927034055036,301,cerebrum seg - MR ref: 3D_AX_T1_postcontrast,,,SEG,1,531,411,,,,,,"['DERIVED', 'PRIMARY']",/home/stud1/giri/projects/Dataset/remind/ReMIND-030/84751/55036/Preop SEG 001.dcm
ReMIND-030,1.3.6.1.4.1.14519.5.2.1.92508420436235946113712373920113417245,3,3D_AX_T2_SPACE,,,MR,192,256,256,"[.9765625, .9765625]",1.0,1.0,,,"['ORIGINAL', 'PRIMARY', 'MPR']",/home/stud1/giri/projects/Dataset/remind/ReMIND-030/84751/17245/Preop MR 303.dcm
ReMIND-034,1.3.6.1.4.1.14519.5.2.1.144930470625011644984916601409679598489,3,US_pre_imri,,,US,1,743,775,,,,,,"['DERIVED', 'PRIMARY', 'VOLUME', 'NONE']",/home/stud1/giri/projects/Dataset/remind/ReMIND-034/96469/98489/Intraop US 003.dcm
ReMIND-034,1.3.6.1.4.1.14519.5.2.1.167386159263211580726529703284149532907,2,US_post_dura,,,US,1,722,718,,,,,,"['DERIVED', 'PRIMARY', 'VOLUME', 'NONE']",/home/stud1/giri/projects/Dataset/remind/ReMIND-034/96469/32907/Intraop US 001.dcm
ReMIND-034,1.3.6.1.4.1.14519.5.2.1.171077355101186061078193694859173120811,1,2D_AX_T2,,,MR,38,896,784,"[.267857147622281, .267857123344734]",5.0,1.0,,,"['ORIGINAL', 'PRIMARY', 'MPR']",/home/stud1/giri/projects/Dataset/remind/ReMIND-034/63483/20811/Preop MR 035.dcm
ReMIND-034,1.3.6.1.4.1.14519.5.2.1.180080008504651722653679121451910193476,2,3D_AX_T1_postcontrast,,,MR,208,256,216,"[.976562567646839, .976562498506015]",1.0,1.0,,,"['ORIGINAL', 'PRIMARY', 'MPR']",/home/stud1/giri/projects/Dataset/remind/ReMIND-034/63483/93476/Preop MR 094.dcm
ReMIND-034,1.3.6.1.4.1.14519.5.2.1.212615616849951636338059244565821528024,4,AX_T2_BLADE,,,MR,70,256,256,"[.859374993869088, .859374995407957]",2.0,1.0,,,"['ORIGINAL', 'PRIMARY', 'MPR']",/home/stud1/giri/projects/Dataset/remind/ReMIND-034/96469/28024/Intraop MR 224.dcm
ReMIND-034,1.3.6.1.4.1.14519.5.2.1.215184695653289766907610044014467194763,303,tumor seg - MR ref: 3D_AX_T1_postcontrast,,,SEG,1,68,53,,,,,,"['DERIVED', 'PRIMARY']",/home/stud1/giri/projects/Dataset/remind/ReMIND-034/63483/94763/Preop SEG 001.dcm
ReMIND-034,1.3.6.1.4.1.14519.5.2.1.229406576049795881661569812225077108058,5,3D_AX_T1_postcontrast,,,MR,176,256,256,"[1.00000000392259, 1.00000002039493]",1.0,1.0,,,"['ORIGINAL', 'PRIMARY', 'MPR']",/home/stud1/giri/projects/Dataset/remind/ReMIND-034/96469/08058/Intraop MR 010.dcm
ReMIND-034,1.3.6.1.4.1.14519.5.2.1.460831681338675923447384519283446168,1,US_pre_dura,,,US,1,674,739,,,,,,"['DERIVED', 'PRIMARY', 'VOLUME', 'NONE']",/home/stud1/giri/projects/Dataset/remind/ReMIND-034/96469/46168/Intraop US 002.dcm
ReMIND-034,1.3.6.1.4.1.14519.5.2.1.84407267858693311316932248170587274478,305,tumor_residual seg - MR ref: 3D_AX_T1_postcontrast,,,SEG,1,40,42,,,,,,"['DERIVED', 'PRIMARY']",/home/stud1/giri/projects/Dataset/remind/ReMIND-034/96469/74478/Intraop SEG 001.dcm
ReMIND-035,1.3.6.1.4.1.14519.5.2.1.129003202266570341003638301757248943681,1,US_pre_dura,,,US,1,574,709,,,,,,"['DERIVED', 'PRIMARY', 'VOLUME', 'NONE']",/home/stud1/giri/projects/Dataset/remind/ReMIND-035/87434/43681/Intraop US 003.dcm
ReMIND-035,1.3.6.1.4.1.14519.5.2.1.146993444831361429174997837285802886407,2,US_post_dura,,,US,1,578,703,,,,,,"['DERIVED', 'PRIMARY', 'VOLUME', 'NONE']",/home/stud1/giri/projects/Dataset/remind/ReMIND-035/87434/86407/Intraop US 002.dcm
ReMIND-035,1.3.6.1.4.1.14519.5.2.1.154145667275877028481803780474924381285,5,3D_AX_T1_postcontrast,,,MR,176,256,256,"[1.00000001120645, 1.00000001686043]",1.0,1.0,,,"['ORIGINAL', 'PRIMARY', 'MPR']",/home/stud1/giri/projects/Dataset/remind/ReMIND-035/87434/81285/Intraop MR 373.dcm
ReMIND-035,1.3.6.1.4.1.14519.5.2.1.211042100735491137893434081365735935948,303,tumor seg - MR ref: 3D_AX_T1_postcontrast,,,SEG,1,9,9,,,,,,"['DERIVED', 'PRIMARY']",/home/stud1/giri/projects/Dataset/remind/ReMIND-035/65483/35948/Preop SEG 001.dcm
ReMIND-035,1.3.6.1.4.1.14519.5.2.1.23290033207883291955950243203767867338,6,3D_SAG_T2_FLAIR,,,MR,176,512,512,"[.48828123894849, .488281246445637]",1.0,1.0,,,"['ORIGINAL', 'PRIMARY', 'MPR']",/home/stud1/giri/projects/Dataset/remind/ReMIND-035/87434/67338/Intraop MR 010.dcm
ReMIND-035,1.3.6.1.4.1.14519.5.2.1.303594919120302687609942692256247514279,3,US_pre_imri,,,US,1,573,720,,,,,,"['DERIVED', 'PRIMARY', 'VOLUME', 'NONE']",/home/stud1/giri/projects/Dataset/remind/ReMIND-035/87434/14279/Intraop US 001.dcm
ReMIND-035,1.3.6.1.4.1.14519.5.2.1.313162244895645979870656026463029434155,1,2D_AX_T2,,,MR,32,512,512,"[.410156283543708, .41015625329855]",5.0,1.0,,,"['ORIGINAL', 'PRIMARY', 'MPR']",/home/stud1/giri/projects/Dataset/remind/ReMIND-035/65483/34155/Preop MR 012.dcm
ReMIND-035,1.3.6.1.4.1.14519.5.2.1.316966835611972313319612250207939607836,2,2D_AX_T2_FLAIR,,,MR,32,320,320,"[.656250048305779, .656249992542485]",5.0,1.0,,,"['ORIGINAL', 'PRIMARY', 'MPR']",/home/stud1/giri/projects/Dataset/remind/ReMIND-035/65483/07836/Preop MR 048.dcm
ReMIND-035,1.3.6.1.4.1.14519.5.2.1.320828387335517779961603797057195973034,4,2D_AX_T2_BLADE,,,MR,76,256,256,"[.859375021230214, .85937499465219]",2.0,1.0,,,"['ORIGINAL', 'PRIMARY', 'MPR']",/home/stud1/giri/projects/Dataset/remind/ReMIND-035/87434/73034/Intraop MR 224.dcm
ReMIND-035,1.3.6.1.4.1.14519.5.2.1.36950563037518233413691614022412383812,3,3D_AX_T1_postcontrast,,,MR,176,256,216,"[.976562515328034, .976562498524765]",1.0,1.0,,,"['ORIGINAL', 'PRIMARY', 'MPR']",/home/stud1/giri/projects/Dataset/remind/ReMIND-035/65483/83812/Preop MR 094.dcm
ReMIND-035,1.3.6.1.4.1.14519.5.2.1.47063891140486623440152894691576878490,301,cerebrum seg - MR ref: 3D_AX_T1_postcontrast,,,SEG,1,440,314,,,,,,"['DERIVED', 'PRIMARY']",/home/stud1/giri/projects/Dataset/remind/ReMIND-035/65483/78490/Preop SEG 002.dcm
ReMIND-036,1.3.6.1.4.1.14519.5.2.1.130830961053250632006378567460290116561,5,3D_SAG_T2_FLAIR,,,MR,176,512,512,"[.488281249999999, .488281249999999]",1.0,1.0,,,"['ORIGINAL', 'PRIMARY', 'MPR']",/home/stud1/giri/projects/Dataset/remind/ReMIND-036/03653/16561/Intraop MR 010.dcm
ReMIND-036,1.3.6.1.4.1.14519.5.2.1.147137096131671960042471887089416331120,1,US_pre_dura,,,US,1,688,936,,,,,,"['DERIVED', 'PRIMARY', 'VOLUME', 'NONE']",/home/stud1/giri/projects/Dataset/remind/ReMIND-036/03653/31120/Intraop US 002.dcm
ReMIND-036,1.3.6.1.4.1.14519.5.2.1.174953676770683557959572921527762779690,2,3D_AX_T2_SPACE,,,MR,192,256,256,"[.976562528780108, .976562568951036]",1.0,1.0,,,"['ORIGINAL', 'PRIMARY', 'MPR']",/home/stud1/giri/projects/Dataset/remind/ReMIND-036/18113/79690/Preop MR 303.dcm
ReMIND-036,1.3.6.1.4.1.14519.5.2.1.256602794579171371321701895757285261575,1,3D_AX_T1_postcontrast,,,MR,176,256,216,"[.976562014089538, .976561979493473]",1.0,1.0,,,"['ORIGINAL', 'PRIMARY', 'MPR']",/home/stud1/giri/projects/Dataset/remind/ReMIND-036/18113/61575/Preop MR 094.dcm
ReMIND-036,1.3.6.1.4.1.14519.5.2.1.294046019174145736492894547192488335731,3,US_pre_imri,,,US,1,618,760,,,,,,"['DERIVED', 'PRIMARY', 'VOLUME', 'NONE']",/home/stud1/giri/projects/Dataset/remind/ReMIND-036/03653/35731/Intraop US 003.dcm
ReMIND-036,1.3.6.1.4.1.14519.5.2.1.331689861571725422959370914718093499225,303,tumor seg - MR ref: 3D_AX_T1_postcontrast,,,SEG,1,16,17,,,,,,"['DERIVED', 'PRIMARY']",/home/stud1/giri/projects/Dataset/remind/ReMIND-036/18113/99225/Preop SEG 002.dcm
ReMIND-036,1.3.6.1.4.1.14519.5.2.1.42194606068824866425107908390440230268,2,US_post_dura,,,US,1,587,782,,,,,,"['DERIVED', 'PRIMARY', 'VOLUME', 'NONE']",/home/stud1/giri/projects/Dataset/remind/ReMIND-036/03653/30268/Intraop US 001.dcm
ReMIND-036,1.3.6.1.4.1.14519.5.2.1.61111936972607614185666035358059981318,4,3D_AX_T1_postcontrast,,,MR,176,256,256,"[1, 1]",1.0,1.0,,,"['ORIGINAL', 'PRIMARY', 'MPR']",/home/stud1/giri/projects/Dataset/remind/ReMIND-036/03653/81318/Intraop MR 278.dcm
ReMIND-036,1.3.6.1.4.1.14519.5.2.1.76791931346553355390771609054588105831,301,cerebrum seg - MR ref: 3D_AX_T1_postcontrast,,,SEG,1,336,270,,,,,,"['DERIVED', 'PRIMARY']",/home/stud1/giri/projects/Dataset/remind/ReMIND-036/18113/05831/Preop SEG 001.dcm
ReMIND-038,1.3.6.1.4.1.14519.5.2.1.135488521515596564418016138385193555177,301,cerebrum seg - MR ref: 3D_AX_T1_postcontrast,,,SEG,1,388,328,,,,,,"['DERIVED', 'PRIMARY']",/home/stud1/giri/projects/Dataset/remind/ReMIND-038/69799/55177/Preop SEG 002.dcm
ReMIND-038,1.3.6.1.4.1.14519.5.2.1.183726091466425020602977344064080488596,5,3D_SAG_T2_FLAIR,,,MR,176,512,512,"[.48828126001767, .488281270312187]",1.0,1.0,,,"['ORIGINAL', 'PRIMARY', 'MPR']",/home/stud1/giri/projects/Dataset/remind/ReMIND-038/98555/88596/Intraop MR 010.dcm
ReMIND-038,1.3.6.1.4.1.14519.5.2.1.193056936035130095784207058515786211718,1,US_pre_dura,,,US,1,571,758,,,,,,"['DERIVED', 'PRIMARY', 'VOLUME', 'NONE']",/home/stud1/giri/projects/Dataset/remind/ReMIND-038/98555/11718/Intraop US 002.dcm
ReMIND-038,1.3.6.1.4.1.14519.5.2.1.204877153718170201558300569510585908089,1,2D_AX_T2_BLADE,,,MR,29,320,320,"[.656250006564663, .656250026341589]",6.0,1.0,,,"['ORIGINAL', 'PRIMARY', 'MPR']",/home/stud1/giri/projects/Dataset/remind/ReMIND-038/69799/08089/Preop MR 012.dcm
ReMIND-038,1.3.6.1.4.1.14519.5.2.1.264470963184114940031883461386454669782,2,US_post_dura,,,US,1,638,743,,,,,,"['DERIVED', 'PRIMARY', 'VOLUME', 'NONE']",/home/stud1/giri/projects/Dataset/remind/ReMIND-038/98555/69782/Intraop US 003.dcm
ReMIND-038,1.3.6.1.4.1.14519.5.2.1.264629463004869080313895368036856702664,2,2D_AX_T2_FLAIR,,,MR,29,320,270,"[.656249997587695, .656249998701744]",6.0,1.0,,,"['ORIGINAL', 'PRIMARY', 'MPR']",/home/stud1/giri/projects/Dataset/remind/ReMIND-038/69799/02664/Preop MR 372.dcm
ReMIND-038,1.3.6.1.4.1.14519.5.2.1.29889538999638417807442664622826788040,4,2D_AX_T2_BLADE,,,MR,70,256,256,"[.859375068210271, .85937503482853]",2.0,1.0,,,"['ORIGINAL', 'PRIMARY', 'MPR']",/home/stud1/giri/projects/Dataset/remind/ReMIND-038/98555/88040/Intraop MR 224.dcm
ReMIND-038,1.3.6.1.4.1.14519.5.2.1.314733774878023785829170437217843674197,303,tumor seg - MR ref: 3D_AX_T1_postcontrast,,,SEG,1,23,26,,,,,,"['DERIVED', 'PRIMARY']",/home/stud1/giri/projects/Dataset/remind/ReMIND-038/69799/74197/Preop SEG 001.dcm
ReMIND-038,1.3.6.1.4.1.14519.5.2.1.325367387785377705315795579447693541270,3,3D_AX_T1_postcontrast,,,MR,192,256,224,"[.976562511381779, .976562487502706]",1.0,1.0,,,"['ORIGINAL', 'PRIMARY', 'MPR']",/home/stud1/giri/projects/Dataset/remind/ReMIND-038/69799/41270/Preop MR 303.dcm
ReMIND-038,1.3.6.1.4.1.14519.5.2.1.4971725387141804543819352087786693802,4,3D_AX_T2_SPACE,,,MR,144,320,320,"[.79375002564102, .793749977759215]",1.2,1.0,,,"['ORIGINAL', 'PRIMARY', 'MPR']",/home/stud1/giri/projects/Dataset/remind/ReMIND-038/69799/93802/Preop MR 094.dcm
ReMIND-038,1.3.6.1.4.1.14519.5.2.1.52890063449778868510135627885990952632,305,tumor_residual seg - MR ref: 3D_SAG_T2_FLAIR,,,SEG,1,40,27,,,,,,"['DERIVED', 'PRIMARY']",/home/stud1/giri/projects/Dataset/remind/ReMIND-038/98555/52632/Intraop SEG 001.dcm
ReMIND-038,1.3.6.1.4.1.14519.5.2.1.61187403706862833490088457440847804084,3,US_pre_imri,,,US,1,605,749,,,,,,"['DERIVED', 'PRIMARY', 'VOLUME', 'NONE']",/home/stud1/giri/projects/Dataset/remind/ReMIND-038/98555/04084/Intraop US 001.dcm
ReMIND-039,1.3.6.1.4.1.14519.5.2.1.127856560549835310230608254242673854606,303,tumor seg - MR ref: 3D_AX_T2_SPACE,,,SEG,1,50,41,,,,,,"['DERIVED', 'PRIMARY']",/home/stud1/giri/projects/Dataset/remind/ReMIND-039/54215/54606/Preop SEG 001.dcm
ReMIND-039,1.3.6.1.4.1.14519.5.2.1.176159581664262795009913667237123888399,1,US_pre_dura,,,US,1,590,715,,,,,,"['DERIVED', 'PRIMARY', 'VOLUME', 'NONE']",/home/stud1/giri/projects/Dataset/remind/ReMIND-039/50077/88399/Intraop US 002.dcm
ReMIND-039,1.3.6.1.4.1.14519.5.2.1.193608789884548668248725903498535825810,5,2D_AX_T2_FLAIR,,,MR,74,512,512,"[.4296875386118, .429687508753784]",3.3,1.0,,,"['ORIGINAL', 'PRIMARY', 'MPR']",/home/stud1/giri/projects/Dataset/remind/ReMIND-039/50077/25810/Intraop MR 010.dcm
ReMIND-039,1.3.6.1.4.1.14519.5.2.1.226930475088752793531720740732637132261,2,3D_AX_T2_SPACE,,,MR,192,256,256,"[.976562521790257, .976562487653727]",1.0,1.0,,,"['ORIGINAL', 'PRIMARY', 'MPR']",/home/stud1/giri/projects/Dataset/remind/ReMIND-039/54215/32261/Preop MR 094.dcm
ReMIND-039,1.3.6.1.4.1.14519.5.2.1.241042637389921658421352146130651264769,2,US_post_dura,,,US,1,581,722,,,,,,"['DERIVED', 'PRIMARY', 'VOLUME', 'NONE']",/home/stud1/giri/projects/Dataset/remind/ReMIND-039/50077/64769/Intraop US 001.dcm
ReMIND-039,1.3.6.1.4.1.14519.5.2.1.246788339589913397612713922447748858874,3,US_pre_imri,,,US,1,628,848,,,,,,"['DERIVED', 'PRIMARY', 'VOLUME', 'NONE']",/home/stud1/giri/projects/Dataset/remind/ReMIND-039/50077/58874/Intraop US 003.dcm
ReMIND-039,1.3.6.1.4.1.14519.5.2.1.279114280329193993053656961621433166957,305,tumor_residual seg - MR ref: 2D_AX_T2_BLADE,,,SEG,1,39,31,,,,,,"['DERIVED', 'PRIMARY']",/home/stud1/giri/projects/Dataset/remind/ReMIND-039/50077/66957/Intraop SEG 001.dcm
ReMIND-039,1.3.6.1.4.1.14519.5.2.1.281302172385400602117256329589400710974,6,3D_AX_T1_precontrast,,,MR,176,256,256,"[1.00000002825878, 1.00000000910086]",1.2,1.0,,,"['ORIGINAL', 'PRIMARY', 'MPR']",/home/stud1/giri/projects/Dataset/remind/ReMIND-039/50077/10974/Intraop MR 278.dcm
ReMIND-039,1.3.6.1.4.1.14519.5.2.1.290297672789335656204772410048742146723,4,2D_AX_T2_BLADE,,,MR,70,256,256,"[.859375078421444, .85937506721396]",2.0,1.0,,,"['ORIGINAL', 'PRIMARY', 'MPR']",/home/stud1/giri/projects/Dataset/remind/ReMIND-039/50077/46723/Intraop MR 138.dcm
ReMIND-039,1.3.6.1.4.1.14519.5.2.1.324821233741187698384281379817769514567,300,ventricles seg - MR ref: 3D_AX_T1_postcontrast,,,SEG,1,401,267,,,,,,"['DERIVED', 'PRIMARY']",/home/stud1/giri/projects/Dataset/remind/ReMIND-039/54215/14567/Preop SEG 002.dcm
ReMIND-039,1.3.6.1.4.1.14519.5.2.1.61151550663715687116842242741795378783,1,3D_AX_T1_postcontrast,,,MR,192,256,216,"[.976562555910634, .976562509860906]",1.0,1.0,,,"['ORIGINAL', 'PRIMARY', 'MPR']",/home/stud1/giri/projects/Dataset/remind/ReMIND-039/54215/78783/Preop MR 303.dcm
ReMIND-041,1.3.6.1.4.1.14519.5.2.1.111616456208341140562026207765211818299,2,2D_COR_T2_BLADE,,,MR,78,512,512,"[.410156261000786, .410156258699631]",2.5,1.0,,,"['ORIGINAL', 'PRIMARY', 'MPR']",/home/stud1/giri/projects/Dataset/remind/ReMIND-041/57083/18299/Preop MR 230.dcm
ReMIND-041,1.3.6.1.4.1.14519.5.2.1.175224340417349590247875593543690796103,1,2D_AX_T2_FLAIR,,,MR,34,320,270,"[.687500031643924, .687500020762239]",5.0,1.0,,,"['ORIGINAL', 'PRIMARY', 'MPR']",/home/stud1/giri/projects/Dataset/remind/ReMIND-041/57083/96103/Preop MR 469.dcm
ReMIND-041,1.3.6.1.4.1.14519.5.2.1.179129915635603595817070299619783647851,4,2D_AX_T2_BLADE,,,MR,70,256,256,"[.859375051945914, .859375051945914]",2.0,1.0,,,"['ORIGINAL', 'PRIMARY', 'MPR']",/home/stud1/giri/projects/Dataset/remind/ReMIND-041/22068/47851/Intraop MR 010.dcm
ReMIND-041,1.3.6.1.4.1.14519.5.2.1.203713654528990725668484884658461882943,300,ventricles seg - MR ref: 3D_AX_T1_postcontrast,,,SEG,1,214,152,,,,,,"['DERIVED', 'PRIMARY']",/home/stud1/giri/projects/Dataset/remind/ReMIND-041/57083/82943/Preop SEG 001.dcm
ReMIND-041,1.3.6.1.4.1.14519.5.2.1.214602788120583112215766308939954350416,3,3D_AX_T1_postcontrast,,,MR,192,256,200,"[.976562504631998, .97656252709888]",1.0,1.0,,,"['ORIGINAL', 'PRIMARY', 'MPR']",/home/stud1/giri/projects/Dataset/remind/ReMIND-041/57083/50416/Preop MR 303.dcm
ReMIND-041,1.3.6.1.4.1.14519.5.2.1.227363458204910998804876000258442537687,301,cerebrum seg - MR ref: 3D_AX_T1_postcontrast,,,SEG,1,344,284,,,,,,"['DERIVED', 'PRIMARY']",/home/stud1/giri/projects/Dataset/remind/ReMIND-041/57083/37687/Preop SEG 003.dcm
ReMIND-041,1.3.6.1.4.1.14519.5.2.1.229075241106296878778374299868456281835,1,US_pre_dura,,,US,1,591,719,,,,,,"['DERIVED', 'PRIMARY', 'VOLUME', 'NONE']",/home/stud1/giri/projects/Dataset/remind/ReMIND-041/22068/81835/Intraop US 003.dcm
ReMIND-041,1.3.6.1.4.1.14519.5.2.1.233857301451744814365077283871646440301,6,3D_SAG_T2_FLAIR,,,MR,176,512,512,"[.488281235188118, .488281239783747]",1.0,1.0,,,"['ORIGINAL', 'PRIMARY', 'MPR']",/home/stud1/giri/projects/Dataset/remind/ReMIND-041/22068/40301/Intraop MR 224.dcm
ReMIND-041,1.3.6.1.4.1.14519.5.2.1.274032721832711927024544705771654003961,2,US_post_dura,,,US,1,596,725,,,,,,"['DERIVED', 'PRIMARY', 'VOLUME', 'NONE']",/home/stud1/giri/projects/Dataset/remind/ReMIND-041/22068/03961/Intraop US 002.dcm
ReMIND-041,1.3.6.1.4.1.14519.5.2.1.308161407872024745951841922343202625121,5,2D_COR_T2_BLADE,,,MR,70,256,256,"[.859375021790783, .859375015253217]",2.0,1.0,,,"['ORIGINAL', 'PRIMARY', 'MPR']",/home/stud1/giri/projects/Dataset/remind/ReMIND-041/22068/25121/Intraop MR 278.dcm
ReMIND-041,1.3.6.1.4.1.14519.5.2.1.316873487626028672388252719832169828468,4,3D_AX_T2_SPACE,,,MR,192,256,256,"[.976562576531503, .976562538580986]",1.0,1.0,,,"['ORIGINAL', 'PRIMARY', 'MPR']",/home/stud1/giri/projects/Dataset/remind/ReMIND-041/57083/28468/Preop MR 094.dcm
ReMIND-041,1.3.6.1.4.1.14519.5.2.1.334947521428715971948989105980796481845,303,tumor seg - MR ref: 3D_AX_T2_SPACE,,,SEG,1,24,17,,,,,,"['DERIVED', 'PRIMARY']",/home/stud1/giri/projects/Dataset/remind/ReMIND-041/57083/81845/Preop SEG 002.dcm
ReMIND-041,1.3.6.1.4.1.14519.5.2.1.81688334314780249995811375239502147645,3,US_pre_imri,,,US,1,600,702,,,,,,"['DERIVED', 'PRIMARY', 'VOLUME', 'NONE']",/home/stud1/giri/projects/Dataset/remind/ReMIND-041/22068/47645/Intraop US 001.dcm
ReMIND-042,1.3.6.1.4.1.14519.5.2.1.128134097836608447545606883174310323519,5,2D_AX_T2_FLAIR,,,MR,74,512,512,"[.429687499999999, .429687499999999]",3.3,1.0,,,"['ORIGINAL', 'PRIMARY', 'MPR']",/home/stud1/giri/projects/Dataset/remind/ReMIND-042/19226/23519/Intraop MR 138.dcm
ReMIND-042,1.3.6.1.4.1.14519.5.2.1.150626935733334738403360637524565939970,4,2D_AX_T2_BLADE,,,MR,70,256,256,"[.859374999999998, .859374999999998]",2.0,1.0,,,"['ORIGINAL', 'PRIMARY', 'MPR']",/home/stud1/giri/projects/Dataset/remind/ReMIND-042/19226/39970/Intraop MR 010.dcm
ReMIND-042,1.3.6.1.4.1.14519.5.2.1.190917077277426833412602956837317094217,3,US_pre_imri,,,US,1,652,757,,,,,,"['DERIVED', 'PRIMARY', 'VOLUME', 'NONE']",/home/stud1/giri/projects/Dataset/remind/ReMIND-042/19226/94217/Intraop US 002.dcm
ReMIND-042,1.3.6.1.4.1.14519.5.2.1.196263483769985307058907929198160856331,6,3D_AX_T1_precontrast,,,MR,176,256,256,"[1, 1]",1.2,1.0,,,"['ORIGINAL', 'PRIMARY', 'MPR']",/home/stud1/giri/projects/Dataset/remind/ReMIND-042/19226/56331/Intraop MR 278.dcm
ReMIND-042,1.3.6.1.4.1.14519.5.2.1.206657195335953324371356600554221913476,305,tumor_residual seg - MR ref: 2D_AX_T2_FLAIR,,,SEG,1,98,50,,,,,,"['DERIVED', 'PRIMARY']",/home/stud1/giri/projects/Dataset/remind/ReMIND-042/19226/13476/Intraop SEG 001.dcm
ReMIND-042,1.3.6.1.4.1.14519.5.2.1.300117359631342126173918428968995787084,3,3D_AX_T2_SPACE,,,MR,192,256,256,"[.976562578012424, .976562470859829]",1.0,1.0,,,"['ORIGINAL', 'PRIMARY', 'MPR']",/home/stud1/giri/projects/Dataset/remind/ReMIND-042/76052/87084/Preop MR 303.dcm
ReMIND-042,1.3.6.1.4.1.14519.5.2.1.339448507477226772617616220052572153109,2,US_post_dura,,,US,1,596,777,,,,,,"['DERIVED', 'PRIMARY', 'VOLUME', 'NONE']",/home/stud1/giri/projects/Dataset/remind/ReMIND-042/19226/53109/Intraop US 003.dcm
ReMIND-042,1.3.6.1.4.1.14519.5.2.1.43182747523173116841423691014813896790,1,2D_AX_T2_FLAIR,,,MR,32,320,280,"[.656250028700791, .656249999999999]",5.0,1.0,,,"['ORIGINAL', 'PRIMARY', 'MPR']",/home/stud1/giri/projects/Dataset/remind/ReMIND-042/76052/96790/Preop MR 208.dcm
ReMIND-042,1.3.6.1.4.1.14519.5.2.1.43670003352813769538878303243732046742,2,3D_AX_T1_postcontrast,,,MR,176,256,216,"[.976562485691075, .976562563288496]",1.0,1.0,,,"['ORIGINAL', 'PRIMARY', 'MPR']",/home/stud1/giri/projects/Dataset/remind/ReMIND-042/76052/46742/Preop MR 094.dcm
ReMIND-042,1.3.6.1.4.1.14519.5.2.1.73475684818739340078664911389232338988,303,tumor seg - MR ref: 2D_AX_T2_FLAIR,,,SEG,1,86,40,,,,,,"['DERIVED', 'PRIMARY']",/home/stud1/giri/projects/Dataset/remind/ReMIND-042/76052/38988/Preop SEG 001.dcm
ReMIND-042,1.3.6.1.4.1.14519.5.2.1.95314485457128412592248919688824142597,1,US_pre_dura,,,US,1,592,724,,,,,,"['DERIVED', 'PRIMARY', 'VOLUME', 'NONE']",/home/stud1/giri/projects/Dataset/remind/ReMIND-042/19226/42597/Intraop US 001.dcm
ReMIND-043,1.3.6.1.4.1.14519.5.2.1.10034365018617914589324393194972641224,4,2D_COR_T2_BLADE,,,MR,70,256,256,"[.859374981846177, .859374997132405]",2.0,1.0,,,"['ORIGINAL', 'PRIMARY', 'MPR']",/home/stud1/giri/projects/Dataset/remind/ReMIND-043/55645/41224/Intraop MR 010.dcm
ReMIND-043,1.3.6.1.4.1.14519.5.2.1.103527859056462658642508576791748290700,303,tumor seg - MR ref: 3D_AX_T1_postcontrast,,,SEG,1,19,39,,,,,,"['DERIVED', 'PRIMARY']",/home/stud1/giri/projects/Dataset/remind/ReMIND-043/55645/90700/Intraop SEG 001.dcm
ReMIND-043,1.3.6.1.4.1.14519.5.2.1.139450496839285954912041914162009260202,2,US_post_dura,,,US,1,640,925,,,,,,"['DERIVED', 'PRIMARY', 'VOLUME', 'NONE']",/home/stud1/giri/projects/Dataset/remind/ReMIND-043/55645/60202/Intraop US 003.dcm
ReMIND-043,1.3.6.1.4.1.14519.5.2.1.183392446854091511119428291289757046239,303,tumor seg - MR ref: 3D_AX_T1_postcontrast,,,SEG,1,12,37,,,,,,"['DERIVED', 'PRIMARY']",/home/stud1/giri/projects/Dataset/remind/ReMIND-043/04161/46239/Preop SEG 001.dcm
ReMIND-043,1.3.6.1.4.1.14519.5.2.1.20745261855241416856504396347916249900,5,3D_AX_T1_postcontrast,,,MR,176,256,256,"[1.00000001938477, 1.00000000896128]",1.0,1.0,,,"['ORIGINAL', 'PRIMARY', 'MPR']",/home/stud1/giri/projects/Dataset/remind/ReMIND-043/55645/49900/Intraop MR 224.dcm
ReMIND-043,1.3.6.1.4.1.14519.5.2.1.259329347551156219952079524148235489283,3,3D_AX_T1_postcontrast,,,MR,208,256,256,"[1.00000002778278, .999999990623723]",1.0,1.0,,,"['ORIGINAL', 'PRIMARY', 'MPR']",/home/stud1/giri/projects/Dataset/remind/ReMIND-043/04161/89283/Preop MR 094.dcm
ReMIND-043,1.3.6.1.4.1.14519.5.2.1.281347738394955624264102044761935642506,300,ventricles seg - MR ref: 3D_AX_T1_postcontrast,,,SEG,1,348,231,,,,,,"['DERIVED', 'PRIMARY']",/home/stud1/giri/projects/Dataset/remind/ReMIND-043/04161/42506/Preop SEG 002.dcm
ReMIND-043,1.3.6.1.4.1.14519.5.2.1.290344947421585675956708292377030317161,1,US_pre_dura,,,US,1,596,725,,,,,,"['DERIVED', 'PRIMARY', 'VOLUME', 'NONE']",/home/stud1/giri/projects/Dataset/remind/ReMIND-043/55645/17161/Intraop US 001.dcm
ReMIND-043,1.3.6.1.4.1.14519.5.2.1.327790958364912939842821137611475412096,2,2D_AX_T2_FLAIR,,,MR,54,256,224,"[.937500015973994, .937499972250991]",3.0,1.0,,,"['ORIGINAL', 'PRIMARY', 'MPR']",/home/stud1/giri/projects/Dataset/remind/ReMIND-043/04161/12096/Preop MR 230.dcm
ReMIND-043,1.3.6.1.4.1.14519.5.2.1.335549478491583539189689163183329876839,3,US_pre_imri,,,US,1,665,860,,,,,,"['DERIVED', 'PRIMARY', 'VOLUME', 'NONE']",/home/stud1/giri/projects/Dataset/remind/ReMIND-043/55645/76839/Intraop US 002.dcm
ReMIND-043,1.3.6.1.4.1.14519.5.2.1.48224002954582662087988377502758436539,301,cerebrum seg - MR ref: 3D_AX_T1_postcontrast,,,SEG,1,525,408,,,,,,"['DERIVED', 'PRIMARY']",/home/stud1/giri/projects/Dataset/remind/ReMIND-043/04161/36539/Preop SEG 003.dcm
ReMIND-043,1.3.6.1.4.1.14519.5.2.1.48981455130296047916089019472778629716,1,2D_AX_T2,,,MR,53,512,448,"[.468750024537801, .468750038754046]",3.0,1.0,,,"['ORIGINAL', 'PRIMARY', 'MPR']",/home/stud1/giri/projects/Dataset/remind/ReMIND-043/04161/29716/Preop MR 303.dcm
ReMIND-045,1.3.6.1.4.1.14519.5.2.1.128197014454127951900407979458033888959,1,US_pre_dura,,,US,1,595,708,,,,,,"['DERIVED', 'PRIMARY', 'VOLUME', 'NONE']",/home/stud1/giri/projects/Dataset/remind/ReMIND-045/57582/88959/Intraop US 001.dcm
ReMIND-045,1.3.6.1.4.1.14519.5.2.1.250498803708971863460279180488148487670,3,3D_AX_T1_postcontrast,,,MR,176,256,216,"[.976562512046284, .976562638301859]",1.0,1.0,,,"['ORIGINAL', 'PRIMARY', 'MPR']",/home/stud1/giri/projects/Dataset/remind/ReMIND-045/69640/87670/Preop MR 094.dcm
ReMIND-045,1.3.6.1.4.1.14519.5.2.1.268312053945004613464242863957262134221,2,2D_AX_T2_FLAIR,,,MR,30,320,280,"[.656249992748886, .656250059208971]",5.0,1.0,,,"['ORIGINAL', 'PRIMARY', 'MPR']",/home/stud1/giri/projects/Dataset/remind/ReMIND-045/69640/34221/Preop MR 451.dcm
ReMIND-045,1.3.6.1.4.1.14519.5.2.1.286162531499423739041500500715327444345,5,3D_AX_T1_postcontrast,,,MR,176,256,256,"[1.00000001607775, .999999970202633]",1.2,1.0,,,"['ORIGINAL', 'PRIMARY', 'MPR']",/home/stud1/giri/projects/Dataset/remind/ReMIND-045/57582/44345/Intraop MR 224.dcm
ReMIND-045,1.3.6.1.4.1.14519.5.2.1.290184263206090520619868320191269655997,301,cerebrum seg - MR ref: 3D_AX_T1_postcontrast,,,SEG,1,538,424,,,,,,"['DERIVED', 'PRIMARY']",/home/stud1/giri/projects/Dataset/remind/ReMIND-045/69640/55997/Preop SEG 002.dcm
ReMIND-045,1.3.6.1.4.1.14519.5.2.1.310451980933579227267052942792306776168,2,US_post_dura,,,US,1,624,799,,,,,,"['DERIVED', 'PRIMARY', 'VOLUME', 'NONE']",/home/stud1/giri/projects/Dataset/remind/ReMIND-045/57582/76168/Intraop US 002.dcm
ReMIND-045,1.3.6.1.4.1.14519.5.2.1.323663136700063371422095769712576949422,3,US_pre_imri,,,US,1,688,793,,,,,,"['DERIVED', 'PRIMARY', 'VOLUME', 'NONE']",/home/stud1/giri/projects/Dataset/remind/ReMIND-045/57582/49422/Intraop US 003.dcm
ReMIND-045,1.3.6.1.4.1.14519.5.2.1.40783708968993725213813058914301124333,4,2D_AX_T2_BLADE,,,MR,70,256,256,"[.859375002099647, .859375002099647]",2.0,1.0,,,"['ORIGINAL', 'PRIMARY', 'MPR']",/home/stud1/giri/projects/Dataset/remind/ReMIND-045/57582/24333/Intraop MR 010.dcm
ReMIND-045,1.3.6.1.4.1.14519.5.2.1.45794133818982645617493306482113744176,4,3D_AX_T2_SPACE,,,MR,192,512,512,"[.500000010559582, .499999990622737]",1.0,1.0,,,"['ORIGINAL', 'PRIMARY', 'MPR']",/home/stud1/giri/projects/Dataset/remind/ReMIND-045/69640/44176/Preop MR 303.dcm
ReMIND-045,1.3.6.1.4.1.14519.5.2.1.67243699569043447143476825892207208908,303,tumor seg - MR ref: 3D_AX_T1_postcontrast,,,SEG,1,59,43,,,,,,"['DERIVED', 'PRIMARY']",/home/stud1/giri/projects/Dataset/remind/ReMIND-045/69640/08908/Preop SEG 001.dcm
ReMIND-045,1.3.6.1.4.1.14519.5.2.1.7866382248749314056103557956842198750,1,2D_AX_T2_BLADE,,,MR,65,256,256,"[.820312483802329, .820312483543699]",2.0,1.0,,,"['ORIGINAL', 'PRIMARY', 'MPR']",/home/stud1/giri/projects/Dataset/remind/ReMIND-045/69640/98750/Preop MR 230.dcm
ReMIND-045,1.3.6.1.4.1.14519.5.2.1.90466021916120479883258643397079534105,303,tumor seg - MR ref: 3D_AX_T2_SPACE,,,SEG,1,117,95,,,,,,"['DERIVED', 'PRIMARY']",/home/stud1/giri/projects/Dataset/remind/ReMIND-045/69640/34105/Preop SEG 003.dcm
ReMIND-046,1.3.6.1.4.1.14519.5.2.1.105213980404989799848337052718711743585,2,US_post_dura,,,US,1,816,1098,,,,,,"['DERIVED', 'PRIMARY', 'VOLUME', 'NONE']",/home/stud1/giri/projects/Dataset/remind/ReMIND-046/23503/43585/Intraop US 002.dcm
ReMIND-046,1.3.6.1.4.1.14519.5.2.1.132228510991152964919969051276143039520,301,cerebrum seg - MR ref: 3D_AX_T1_postcontrast,,,SEG,1,328,284,,,,,,"['DERIVED', 'PRIMARY']",/home/stud1/giri/projects/Dataset/remind/ReMIND-046/79294/39520/Preop SEG 001.dcm
ReMIND-046,1.3.6.1.4.1.14519.5.2.1.133732983444476406654196142737132128980,4,2D_AX_T2_BLADE,,,MR,70,256,256,"[.859374974869112, .859375084252232]",2.0,1.0,,,"['ORIGINAL', 'PRIMARY', 'MPR']",/home/stud1/giri/projects/Dataset/remind/ReMIND-046/23503/28980/Intraop MR 373.dcm
ReMIND-046,1.3.6.1.4.1.14519.5.2.1.138426664896158975645568818094330686282,305,tumor_residual seg - MR ref: 3D_SAG_T2_FLAIR,,,SEG,1,53,33,,,,,,"['DERIVED', 'PRIMARY']",/home/stud1/giri/projects/Dataset/remind/ReMIND-046/23503/86282/Intraop SEG 001.dcm
ReMIND-046,1.3.6.1.4.1.14519.5.2.1.147056808514114679438347410942261241,303,tumor seg - MR ref: 2D_AX_T2_FLAIR,,,SEG,1,71,38,,,,,,"['DERIVED', 'PRIMARY']",/home/stud1/giri/projects/Dataset/remind/ReMIND-046/79294/61241/Preop SEG 003.dcm
ReMIND-046,1.3.6.1.4.1.14519.5.2.1.166079796499570814224160788120523033148,305,tumor_residual seg - MR ref: 3D_AX_T1_postcontrast,,,SEG,1,10,13,,,,,,"['DERIVED', 'PRIMARY']",/home/stud1/giri/projects/Dataset/remind/ReMIND-046/23503/33148/Intraop SEG 002.dcm
ReMIND-046,1.3.6.1.4.1.14519.5.2.1.193041615393270556931186695853762907381,5,3D_AX_T1_postcontrast,,,MR,176,256,256,"[1.00000001004822, 1.00000001674296]",1.0,1.0,,,"['ORIGINAL', 'PRIMARY', 'MPR']",/home/stud1/giri/projects/Dataset/remind/ReMIND-046/23503/07381/Intraop MR 010.dcm
ReMIND-046,1.3.6.1.4.1.14519.5.2.1.232397515462344030142229262647449146218,302,previous_resection_cavity seg - MR ref: 3D_AX_T1_postcontrast,,,SEG,1,30,35,,,,,,"['DERIVED', 'PRIMARY']",/home/stud1/giri/projects/Dataset/remind/ReMIND-046/79294/46218/Preop SEG 002.dcm
ReMIND-046,1.3.6.1.4.1.14519.5.2.1.260117365172190184782014662464907468864,3,US_pre_imri,,,US,1,687,893,,,,,,"['DERIVED', 'PRIMARY', 'VOLUME', 'NONE']",/home/stud1/giri/projects/Dataset/remind/ReMIND-046/23503/68864/Intraop US 003.dcm
ReMIND-046,1.3.6.1.4.1.14519.5.2.1.278563082964337530740012226771036861787,2,3D_AX_T1_postcontrast,,,MR,192,256,216,"[.976562473951539, .976562567912474]",1.0,1.0,,,"['ORIGINAL', 'PRIMARY', 'MPR']",/home/stud1/giri/projects/Dataset/remind/ReMIND-046/79294/61787/Preop MR 094.dcm
ReMIND-046,1.3.6.1.4.1.14519.5.2.1.283828329404670494771077677434405534832,300,ventricles seg - MR ref: 3D_AX_T1_postcontrast,,,SEG,1,204,168,,,,,,"['DERIVED', 'PRIMARY']",/home/stud1/giri/projects/Dataset/remind/ReMIND-046/79294/34832/Preop SEG 004.dcm
ReMIND-046,1.3.6.1.4.1.14519.5.2.1.2953670227082111905554716230438438036,6,3D_SAG_T2_FLAIR,,,MR,176,512,512,"[.488281283432317, .488281256479157]",1.0,1.0,,,"['ORIGINAL', 'PRIMARY', 'MPR']",/home/stud1/giri/projects/Dataset/remind/ReMIND-046/23503/38036/Intraop MR 278.dcm
ReMIND-046,1.3.6.1.4.1.14519.5.2.1.311950293504700714357757329753180031676,1,2D_AX_T2_FLAIR,,,MR,34,320,280,"[.656249998789657, .656249997981053]",5.0,1.0,,,"['ORIGINAL', 'PRIMARY', 'MPR']",/home/stud1/giri/projects/Dataset/remind/ReMIND-046/79294/31676/Preop MR 012.dcm
ReMIND-046,1.3.6.1.4.1.14519.5.2.1.51411020658536396016166647098173536672,1,US_pre_dura,,,US,1,652,825,,,,,,"['DERIVED', 'PRIMARY', 'VOLUME', 'NONE']",/home/stud1/giri/projects/Dataset/remind/ReMIND-046/23503/36672/Intraop US 001.dcm
ReMIND-047,1.3.6.1.4.1.14519.5.2.1.144599111522586800028111557998160556673,303,tumor seg - MR ref: 3D_AX_T1_postcontrast,,,SEG,1,8,10,,,,,,"['DERIVED', 'PRIMARY']",/home/stud1/giri/projects/Dataset/remind/ReMIND-047/22723/56673/Preop SEG 002.dcm
ReMIND-047,1.3.6.1.4.1.14519.5.2.1.174859386169154988302377173021693133629,5,2D_AX_T2_FLAIR,,,MR,65,512,512,"[.429687502096966, .429687486427951]",3.3,1.0,,,"['ORIGINAL', 'PRIMARY', 'MPR']",/home/stud1/giri/projects/Dataset/remind/ReMIND-047/92962/33629/Intraop MR 010.dcm
ReMIND-047,1.3.6.1.4.1.14519.5.2.1.208525586525752876175282886568148400746,2,US_post_dura,,,US,1,593,748,,,,,,"['DERIVED', 'PRIMARY', 'VOLUME', 'NONE']",/home/stud1/giri/projects/Dataset/remind/ReMIND-047/92962/00746/Intraop US 002.dcm
ReMIND-047,1.3.6.1.4.1.14519.5.2.1.276723277821696227507494451211977417964,2,3D_AX_T1_postcontrast,,,MR,176,256,256,"[1.00000002449474, 1.00000002747768]",1.2,1.0,,,"['ORIGINAL', 'PRIMARY', 'MPR']",/home/stud1/giri/projects/Dataset/remind/ReMIND-047/22723/17964/Preop MR 094.dcm
ReMIND-047,1.3.6.1.4.1.14519.5.2.1.290804812415714798238192956036647695499,6,3D_AX_T1_precontrast,,,MR,176,256,256,"[1.00000000919161, 1.00000000809326]",1.2,1.0,,,"['ORIGINAL', 'PRIMARY', 'MPR']",/home/stud1/giri/projects/Dataset/remind/ReMIND-047/92962/95499/Intraop MR 278.dcm
ReMIND-047,1.3.6.1.4.1.14519.5.2.1.298768168735622771016038912221712203017,301,cerebrum seg - MR ref: 3D_AX_T1_postcontrast,,,SEG,1,624,516,,,,,,"['DERIVED', 'PRIMARY']",/home/stud1/giri/projects/Dataset/remind/ReMIND-047/22723/03017/Preop SEG 001.dcm
ReMIND-047,1.3.6.1.4.1.14519.5.2.1.320840937609085446532129498069295799348,1,2D_AX_T2,,,MR,28,384,348,"[.520833349124184, .520833274631026]",6.0,1.0,,,"['ORIGINAL', 'PRIMARY', 'MPR']",/home/stud1/giri/projects/Dataset/remind/ReMIND-047/22723/99348/Preop MR 012.dcm
ReMIND-047,1.3.6.1.4.1.14519.5.2.1.41342764485918424829669960576142667498,4,2D_AX_T2_BLADE,,,MR,70,256,256,"[.859375066884169, .859375078467289]",2.0,1.0,,,"['ORIGINAL', 'PRIMARY', 'MPR']",/home/stud1/giri/projects/Dataset/remind/ReMIND-047/92962/67498/Intraop MR 128.dcm
ReMIND-047,1.3.6.1.4.1.14519.5.2.1.92274573864685239007263796588099618739,3,US_pre_imri,,,US,1,613,814,,,,,,"['DERIVED', 'PRIMARY', 'VOLUME', 'NONE']",/home/stud1/giri/projects/Dataset/remind/ReMIND-047/92962/18739/Intraop US 001.dcm
ReMIND-048,1.3.6.1.4.1.14519.5.2.1.101540385813202769484282465561545090485,302,previous_resection_cavity seg - MR ref: 3D_AX_T1_postcontrast,,,SEG,1,36,76,,,,,,"['DERIVED', 'PRIMARY']",/home/stud1/giri/projects/Dataset/remind/ReMIND-048/06199/90485/Preop SEG 002.dcm
ReMIND-048,1.3.6.1.4.1.14519.5.2.1.104101277342546766382695391557798112052,4,2D_AX_T2_BLADE,,,MR,70,256,256,"[.859375002489471, .859374982683294]",2.0,1.0,,,"['ORIGINAL', 'PRIMARY', 'MPR']",/home/stud1/giri/projects/Dataset/remind/ReMIND-048/38897/12052/Intraop MR 010.dcm
ReMIND-048,1.3.6.1.4.1.14519.5.2.1.125952058130479580306862133831922631853,305,tumor_residual seg - MR ref: 3D_SAG_T2_FLAIR,,,SEG,1,78,90,,,,,,"['DERIVED', 'PRIMARY']",/home/stud1/giri/projects/Dataset/remind/ReMIND-048/38897/31853/Intraop SEG 001.dcm
ReMIND-048,1.3.6.1.4.1.14519.5.2.1.129870686332767537746901777770022995560,5,2D_COR_T2_BLADE,,,MR,47,256,256,"[.859374997030703, .859375028860205]",3.0,1.0,,,"['ORIGINAL', 'PRIMARY', 'MPR']",/home/stud1/giri/projects/Dataset/remind/ReMIND-048/38897/95560/Intraop MR 278.dcm
ReMIND-048,1.3.6.1.4.1.14519.5.2.1.238942219843552594993193310049641712945,6,3D_SAG_T2_FLAIR,,,MR,176,512,512,"[.488281238937336, .488281254188654]",1.0,1.0,,,"['ORIGINAL', 'PRIMARY', 'MPR']",/home/stud1/giri/projects/Dataset/remind/ReMIND-048/38897/12945/Intraop MR 224.dcm
ReMIND-048,1.3.6.1.4.1.14519.5.2.1.259548065524134509044482163487949780551,2,2D_AX_T2_FLAIR,,,MR,42,512,512,"[.468750040631883, .468750025105568]",4.0,1.0,,,"['ORIGINAL', 'PRIMARY', 'MPR']",/home/stud1/giri/projects/Dataset/remind/ReMIND-048/06199/80551/Preop MR 035.dcm
ReMIND-048,1.3.6.1.4.1.14519.5.2.1.282569214186045309383216895819113006371,301,cerebrum seg - MR ref: 3D_AX_T1_postcontrast,,,SEG,1,375,290,,,,,,"['DERIVED', 'PRIMARY']",/home/stud1/giri/projects/Dataset/remind/ReMIND-048/06199/06371/Preop SEG 001.dcm
ReMIND-048,1.3.6.1.4.1.14519.5.2.1.30160070029894927822217516045025663009,3,3D_AX_T1_postcontrast,,,MR,174,560,560,"[.457142859077038, .457142869564641]",1.0,1.0,,,"['ORIGINAL', 'PRIMARY', 'MPR']",/home/stud1/giri/projects/Dataset/remind/ReMIND-048/06199/63009/Preop MR 094.dcm
ReMIND-048,1.3.6.1.4.1.14519.5.2.1.322585638333368444073708413843650085721,2,US_post_dura,,,US,1,609,711,,,,,,"['DERIVED', 'PRIMARY', 'VOLUME', 'NONE']",/home/stud1/giri/projects/Dataset/remind/ReMIND-048/38897/85721/Intraop US 002.dcm
ReMIND-048,1.3.6.1.4.1.14519.5.2.1.52603248639952589957926142613629268512,1,US_pre_dura,,,US,1,642,769,,,,,,"['DERIVED', 'PRIMARY', 'VOLUME', 'NONE']",/home/stud1/giri/projects/Dataset/remind/ReMIND-048/38897/68512/Intraop US 001.dcm
ReMIND-048,1.3.6.1.4.1.14519.5.2.1.53864211508165971326921376579610194810,3,US_pre_imri,,,US,1,692,695,,,,,,"['DERIVED', 'PRIMARY', 'VOLUME', 'NONE']",/home/stud1/giri/projects/Dataset/remind/ReMIND-048/38897/94810/Intraop US 003.dcm
ReMIND-048,1.3.6.1.4.1.14519.5.2.1.62778553986574438227055646398085924914,303,tumor seg - MR ref: 2D_AX_T2_FLAIR,,,SEG,1,97,86,,,,,,"['DERIVED', 'PRIMARY']",/home/stud1/giri/projects/Dataset/remind/ReMIND-048/06199/24914/Preop SEG 003.dcm
ReMIND-048,1.3.6.1.4.1.14519.5.2.1.90063687654240289369577751025902526222,1,2D_AX_T2,,,MR,42,528,528,"[.454545505120287, .454545468069233]",4.0,1.0,,,"['ORIGINAL', 'PRIMARY', 'MPR']",/home/stud1/giri/projects/Dataset/remind/ReMIND-048/06199/26222/Preop MR 230.dcm
ReMIND-049,1.3.6.1.4.1.14519.5.2.1.105366190030496495163797610616283440893,301,cerebrum seg - MR ref: 3D_AX_T1_postcontrast,,,SEG,1,336,268,,,,,,"['DERIVED', 'PRIMARY']",/home/stud1/giri/projects/Dataset/remind/ReMIND-049/10408/40893/Preop SEG 002.dcm
ReMIND-049,1.3.6.1.4.1.14519.5.2.1.115234043814999343343893103501689074944,2,US_post_dura,,,US,1,609,805,,,,,,"['DERIVED', 'PRIMARY', 'VOLUME', 'NONE']",/home/stud1/giri/projects/Dataset/remind/ReMIND-049/06755/74944/Intraop US 003.dcm
ReMIND-049,1.3.6.1.4.1.14519.5.2.1.115629009353584757931435743284142598542,5,2D_COR_T2_BLADE,,,MR,70,256,256,"[.859375069516417, .85937499094069]",3.0,1.0,,,"['ORIGINAL', 'PRIMARY', 'MPR']",/home/stud1/giri/projects/Dataset/remind/ReMIND-049/06755/98542/Intraop MR 278.dcm
ReMIND-049,1.3.6.1.4.1.14519.5.2.1.134099412342576432012648210999440562660,2,2D_AX_T2_FLAIR,,,MR,28,320,270,"[.656249988805619, .656249988454963]",6.0,1.0,,,"['ORIGINAL', 'PRIMARY', 'MPR']",/home/stud1/giri/projects/Dataset/remind/ReMIND-049/10408/62660/Preop MR 417.dcm
ReMIND-049,1.3.6.1.4.1.14519.5.2.1.15192704845773886463998022034272381197,6,3D_SAG_T2_FLAIR,,,MR,176,512,512,"[.48828123908814, .488281243564062]",1.0,1.0,,,"['ORIGINAL', 'PRIMARY', 'MPR']",/home/stud1/giri/projects/Dataset/remind/ReMIND-049/06755/81197/Intraop MR 010.dcm
ReMIND-049,1.3.6.1.4.1.14519.5.2.1.254183515086344962455436875716520241356,1,2D_AX_T2,,,MR,28,384,324,"[.546874998463737, .546875034238115]",6.0,1.0,,,"['ORIGINAL', 'PRIMARY', 'MPR']",/home/stud1/giri/projects/Dataset/remind/ReMIND-049/10408/41356/Preop MR 451.dcm
ReMIND-049,1.3.6.1.4.1.14519.5.2.1.273922101054002152831439127421250048732,4,3D_AX_T1_postcontrast,,,MR,192,256,224,"[.976562541879792, .976562565104715]",1.0,1.0,,,"['ORIGINAL', 'PRIMARY', 'MPR']",/home/stud1/giri/projects/Dataset/remind/ReMIND-049/10408/48732/Preop MR 094.dcm
ReMIND-049,1.3.6.1.4.1.14519.5.2.1.318638326471812923715517434699285845034,3,2D_SAG_T2_FLAIR,,,MR,28,320,320,"[.68749999178748, .687500042579209]",6.45,1.0,,,"['ORIGINAL', 'PRIMARY', 'MPR']",/home/stud1/giri/projects/Dataset/remind/ReMIND-049/10408/45034/Preop MR 012.dcm
ReMIND-049,1.3.6.1.4.1.14519.5.2.1.32491063948313585768980920204718687853,303,tumor seg - MR ref: 3D_AX_T2_SPACE,,,SEG,1,36,29,,,,,,"['DERIVED', 'PRIMARY']",/home/stud1/giri/projects/Dataset/remind/ReMIND-049/10408/87853/Preop SEG 001.dcm
ReMIND-049,1.3.6.1.4.1.14519.5.2.1.73920167737575364372137000186228536359,4,2D_AX_T2_BLADE,,,MR,70,256,256,"[.859374987347484, .859375055948765]",2.0,1.0,,,"['ORIGINAL', 'PRIMARY', 'MPR']",/home/stud1/giri/projects/Dataset/remind/ReMIND-049/06755/36359/Intraop MR 224.dcm
ReMIND-049,1.3.6.1.4.1.14519.5.2.1.83242059330787016927050388505646852457,5,3D_AX_T2_SPACE,,,MR,192,256,256,"[.976562480978826, .976562488549097]",1.0,1.0,,,"['ORIGINAL', 'PRIMARY', 'MPR']",/home/stud1/giri/projects/Dataset/remind/ReMIND-049/10408/52457/Preop MR 303.dcm
ReMIND-049,1.3.6.1.4.1.14519.5.2.1.85288850722474856700393499044202356427,1,US_pre_dura,,,US,1,615,820,,,,,,"['DERIVED', 'PRIMARY', 'VOLUME', 'NONE']",/home/stud1/giri/projects/Dataset/remind/ReMIND-049/06755/56427/Intraop US 001.dcm
ReMIND-049,1.3.6.1.4.1.14519.5.2.1.92017655250784423961441742019555121403,3,US_pre_imri,,,US,1,624,753,,,,,,"['DERIVED', 'PRIMARY', 'VOLUME', 'NONE']",/home/stud1/giri/projects/Dataset/remind/ReMIND-049/06755/21403/Intraop US 002.dcm
ReMIND-050,1.3.6.1.4.1.14519.5.2.1.10112508986320845836742072467496909974,2,2D_AX_T2_FLAIR,,,MR,30,320,280,"[.656250008903239, .656249981977137]",5.0,1.0,,,"['ORIGINAL', 'PRIMARY', 'MPR']",/home/stud1/giri/projects/Dataset/remind/ReMIND-050/87468/09974/Preop MR 048.dcm
ReMIND-050,1.3.6.1.4.1.14519.5.2.1.157128263067120814883683944307648510795,1,US_pre_dura,,,US,1,607,733,,,,,,"['DERIVED', 'PRIMARY', 'VOLUME', 'NONE']",/home/stud1/giri/projects/Dataset/remind/ReMIND-050/51539/10795/Intraop US 003.dcm
ReMIND-050,1.3.6.1.4.1.14519.5.2.1.180304106582541662198289312755820543525,301,cerebrum seg - MR ref: 3D_AX_T1_postcontrast,,,SEG,1,401,320,,,,,,"['DERIVED', 'PRIMARY']",/home/stud1/giri/projects/Dataset/remind/ReMIND-050/87468/43525/Preop SEG 002.dcm
ReMIND-050,1.3.6.1.4.1.14519.5.2.1.202411972681991147918050168331248018699,303,tumor seg - MR ref: 3D_AX_T1_postcontrast,,,SEG,1,73,49,,,,,,"['DERIVED', 'PRIMARY']",/home/stud1/giri/projects/Dataset/remind/ReMIND-050/87468/18699/Preop SEG 001.dcm
ReMIND-050,1.3.6.1.4.1.14519.5.2.1.20645892443493532240584903171688782369,2,US_post_dura,,,US,1,586,713,,,,,,"['DERIVED', 'PRIMARY', 'VOLUME', 'NONE']",/home/stud1/giri/projects/Dataset/remind/ReMIND-050/51539/82369/Intraop US 001.dcm
ReMIND-050,1.3.6.1.4.1.14519.5.2.1.210393957129447418483893889252605346577,6,3D_AX_T1_postcontrast,,,MR,176,256,256,"[.99999999124522, 1.00000001072591]",1.2,1.0,,,"['ORIGINAL', 'PRIMARY', 'MPR']",/home/stud1/giri/projects/Dataset/remind/ReMIND-050/51539/46577/Intraop MR 010.dcm
ReMIND-050,1.3.6.1.4.1.14519.5.2.1.211144191845052058073145821163444286561,1,2D_AX_T2,,,MR,30,896,784,"[.23437499648278, .234375015193016]",5.0,1.0,,,"['ORIGINAL', 'PRIMARY', 'MPR']",/home/stud1/giri/projects/Dataset/remind/ReMIND-050/87468/86561/Preop MR 012.dcm
ReMIND-050,1.3.6.1.4.1.14519.5.2.1.310935239893428760270902275195883058002,3,US_pre_imri,,,US,1,634,719,,,,,,"['DERIVED', 'PRIMARY', 'VOLUME', 'NONE']",/home/stud1/giri/projects/Dataset/remind/ReMIND-050/51539/58002/Intraop US 002.dcm
ReMIND-050,1.3.6.1.4.1.14519.5.2.1.337311890977053435869327567893193523500,5,2D_AX_T2_FLAIR,,,MR,74,512,512,"[.429687504588449, .429687492402018]",3.3,1.0,,,"['ORIGINAL', 'PRIMARY', 'MPR']",/home/stud1/giri/projects/Dataset/remind/ReMIND-050/51539/23500/Intraop MR 278.dcm
ReMIND-050,1.3.6.1.4.1.14519.5.2.1.48569250058377138154161341910901929388,3,3D_AX_T1_postcontrast,,,MR,192,256,216,"[.976562541849356, .976562592861331]",1.0,1.0,,,"['ORIGINAL', 'PRIMARY', 'MPR']",/home/stud1/giri/projects/Dataset/remind/ReMIND-050/87468/29388/Preop MR 094.dcm
ReMIND-050,1.3.6.1.4.1.14519.5.2.1.97341148470088928527952922793491846680,4,2D_AX_T2_BLADE,,,MR,70,256,256,"[.859374986765961, .85937499971979]",2.0,1.0,,,"['ORIGINAL', 'PRIMARY', 'MPR']",/home/stud1/giri/projects/Dataset/remind/ReMIND-050/51539/46680/Intraop MR 224.dcm
ReMIND-051,1.3.6.1.4.1.14519.5.2.1.131704663265789674835455664530773685925,302,previous_resection_cavity seg - MR ref: 3D_AX_T1_postcontrast,,,SEG,1,34,15,,,,,,"['DERIVED', 'PRIMARY']",/home/stud1/giri/projects/Dataset/remind/ReMIND-051/21813/85925/Preop SEG 001.dcm
ReMIND-051,1.3.6.1.4.1.14519.5.2.1.143402422272129575767296373301039544609,301,cerebrum seg - MR ref: 3D_AX_T1_postcontrast,,,SEG,1,486,408,,,,,,"['DERIVED', 'PRIMARY']",/home/stud1/giri/projects/Dataset/remind/ReMIND-051/21813/44609/Preop SEG 003.dcm
ReMIND-051,1.3.6.1.4.1.14519.5.2.1.143851123065629597209023000758912871355,2,2D_COR_T2_BLADE,,,MR,71,320,320,"[.68750000011938, .687499995480736]",2.6,1.0,,,"['ORIGINAL', 'PRIMARY', 'MPR']",/home/stud1/giri/projects/Dataset/remind/ReMIND-051/21813/71355/Preop MR 503.dcm
ReMIND-051,1.3.6.1.4.1.14519.5.2.1.16697600568172361465992880140599856305,1,2D_AX_T2_FLAIR,,,MR,32,320,280,"[.656250041913961, .656250004969861]",5.0,1.0,,,"['ORIGINAL', 'PRIMARY', 'MPR']",/home/stud1/giri/projects/Dataset/remind/ReMIND-051/21813/56305/Preop MR 417.dcm
ReMIND-051,1.3.6.1.4.1.14519.5.2.1.180069678189263643108949945924314557531,300,ventricles seg - MR ref: 3D_AX_T1_postcontrast,,,SEG,1,306,234,,,,,,"['DERIVED', 'PRIMARY']",/home/stud1/giri/projects/Dataset/remind/ReMIND-051/21813/57531/Preop SEG 004.dcm
ReMIND-051,1.3.6.1.4.1.14519.5.2.1.199447136134964236174896614204783458560,5,3D_AX_T2_SPACE,,,MR,192,256,256,"[.976562473334861, .97656251132106]",1.0,1.0,,,"['ORIGINAL', 'PRIMARY', 'MPR']",/home/stud1/giri/projects/Dataset/remind/ReMIND-051/21813/58560/Preop MR 094.dcm
ReMIND-051,1.3.6.1.4.1.14519.5.2.1.209235369031572203573853733976498014865,1,US_pre_dura,,,US,1,585,700,,,,,,"['DERIVED', 'PRIMARY', 'VOLUME', 'NONE']",/home/stud1/giri/projects/Dataset/remind/ReMIND-051/54547/14865/Intraop US 001.dcm
ReMIND-051,1.3.6.1.4.1.14519.5.2.1.212963441181836380000661250567955804792,4,3D_AX_T1_postcontrast,,,MR,151,256,216,"[.976562512837229, .976562558675465]",1.05,1.0,,,"['ORIGINAL', 'PRIMARY', 'MPR']",/home/stud1/giri/projects/Dataset/remind/ReMIND-051/21813/04792/Preop MR 303.dcm
ReMIND-051,1.3.6.1.4.1.14519.5.2.1.268179767536349983497130825124679771702,2,US_post_dura,,,US,1,595,738,,,,,,"['DERIVED', 'PRIMARY', 'VOLUME', 'NONE']",/home/stud1/giri/projects/Dataset/remind/ReMIND-051/54547/71702/Intraop US 002.dcm
ReMIND-051,1.3.6.1.4.1.14519.5.2.1.280116499741321404849208837751207842507,303,tumor seg - MR ref: 3D_AX_T2_SPACE,,,SEG,1,27,16,,,,,,"['DERIVED', 'PRIMARY']",/home/stud1/giri/projects/Dataset/remind/ReMIND-051/21813/42507/Preop SEG 002.dcm
ReMIND-051,1.3.6.1.4.1.14519.5.2.1.296936159978065527524908797366142707782,4,2D_AX_T2_BLADE,,,MR,70,256,256,"[.859375092753698, .859375083475077]",2.0,1.0,,,"['ORIGINAL', 'PRIMARY', 'MPR']",/home/stud1/giri/projects/Dataset/remind/ReMIND-051/54547/07782/Intraop MR 010.dcm
ReMIND-051,1.3.6.1.4.1.14519.5.2.1.339183716452572324323572817747088320125,5,3D_SAG_T2_FLAIR,,,MR,176,512,512,"[.488281244315498, .488281250330255]",1.0,1.0,,,"['ORIGINAL', 'PRIMARY', 'MPR']",/home/stud1/giri/projects/Dataset/remind/ReMIND-051/54547/20125/Intraop MR 224.dcm
ReMIND-051,1.3.6.1.4.1.14519.5.2.1.47112500694173360903337867046200202497,3,US_pre_imri,,,US,1,609,771,,,,,,"['DERIVED', 'PRIMARY', 'VOLUME', 'NONE']",/home/stud1/giri/projects/Dataset/remind/ReMIND-051/54547/02497/Intraop US 003.dcm
ReMIND-051,1.3.6.1.4.1.14519.5.2.1.55477210915704706371584882724795484411,3,2D_SAG_T2_BLADE,,,MR,61,320,320,"[.68749997778292, .687499999462354]",2.6,1.0,,,"['ORIGINAL', 'PRIMARY', 'MPR']",/home/stud1/giri/projects/Dataset/remind/ReMIND-051/21813/84411/Preop MR 048.dcm
ReMIND-052,1.3.6.1.4.1.14519.5.2.1.108190888833306666011061356659935828145,2,US_post_dura,,,US,1,704,1038,,,,,,"['DERIVED', 'PRIMARY', 'VOLUME', 'NONE']",/home/stud1/giri/projects/Dataset/remind/ReMIND-052/62245/28145/Intraop US 003.dcm
ReMIND-052,1.3.6.1.4.1.14519.5.2.1.142919875401821672993565882343387102282,5,3D_AX_T2_SPACE,,,MR,176,256,256,"[.976562574338972, .976562499999999]",1.0,1.0,,,"['ORIGINAL', 'PRIMARY', 'MPR']",/home/stud1/giri/projects/Dataset/remind/ReMIND-052/61117/02282/Preop MR 303.dcm
ReMIND-052,1.3.6.1.4.1.14519.5.2.1.152434155655947091375888595714710360874,5,3D_SAG_T2_FLAIR,,,MR,176,512,512,"[.488281283357975, .488281243321231]",1.0,1.0,,,"['ORIGINAL', 'PRIMARY', 'MPR']",/home/stud1/giri/projects/Dataset/remind/ReMIND-052/62245/60874/Intraop MR 010.dcm
ReMIND-052,1.3.6.1.4.1.14519.5.2.1.191670637431807601415969558491173113249,3,US_pre_imri,,,US,1,617,721,,,,,,"['DERIVED', 'PRIMARY', 'VOLUME', 'NONE']",/home/stud1/giri/projects/Dataset/remind/ReMIND-052/62245/13249/Intraop US 001.dcm
ReMIND-052,1.3.6.1.4.1.14519.5.2.1.256660101374676069970101638730178697975,2,2D_AX_T2_FLAIR,,,MR,32,320,288,"[.656249993129497, .656249972213508]",4.8,1.0,,,"['ORIGINAL', 'PRIMARY', 'MPR']",/home/stud1/giri/projects/Dataset/remind/ReMIND-052/61117/97975/Preop MR 012.dcm
ReMIND-052,1.3.6.1.4.1.14519.5.2.1.259214262018633849024152784376687101408,4,3D_AX_T1_postcontrast,,,MR,192,512,512,"[.488281294682564, .488281287548321]",0.98,1.0,,,"['ORIGINAL', 'PRIMARY', 'MPR']",/home/stud1/giri/projects/Dataset/remind/ReMIND-052/61117/01408/Preop MR 372.dcm
ReMIND-052,1.3.6.1.4.1.14519.5.2.1.267413820625920790334660971652298149948,301,cerebrum seg - MR ref: 3D_AX_T1_postcontrast,,,SEG,1,408,320,,,,,,"['DERIVED', 'PRIMARY']",/home/stud1/giri/projects/Dataset/remind/ReMIND-052/61117/49948/Preop SEG 002.dcm
ReMIND-052,1.3.6.1.4.1.14519.5.2.1.284299345160645115069344817775663260068,1,2D_AX_T2_BLADE,,,MR,53,512,512,"[.410156267602858, .410156252505216]",2.5,1.0,,,"['ORIGINAL', 'PRIMARY', 'MPR']",/home/stud1/giri/projects/Dataset/remind/ReMIND-052/61117/60068/Preop MR 081.dcm
ReMIND-052,1.3.6.1.4.1.14519.5.2.1.317340184205763109224071260454858381726,4,2D_AX_T2_BLADE,,,MR,70,256,256,"[.859374994853808, .859375006472442]",2.0,1.0,,,"['ORIGINAL', 'PRIMARY', 'MPR']",/home/stud1/giri/projects/Dataset/remind/ReMIND-052/62245/81726/Intraop MR 224.dcm
ReMIND-052,1.3.6.1.4.1.14519.5.2.1.329791787678070930363585421177107908160,1,US_pre_dura,,,US,1,576,793,,,,,,"['DERIVED', 'PRIMARY', 'VOLUME', 'NONE']",/home/stud1/giri/projects/Dataset/remind/ReMIND-052/62245/08160/Intraop US 002.dcm
ReMIND-052,1.3.6.1.4.1.14519.5.2.1.41364821325581993771897256292026990004,3,2D_COR_T2_BLADE,,,MR,71,512,512,"[.41015623675758, .410156259088749]",2.5,1.0,,,"['ORIGINAL', 'PRIMARY', 'MPR']",/home/stud1/giri/projects/Dataset/remind/ReMIND-052/61117/90004/Preop MR 094.dcm
ReMIND-052,1.3.6.1.4.1.14519.5.2.1.67162123891794531697775018499098320751,303,tumor seg - MR ref: 3D_AX_T1_postcontrast,,,SEG,1,119,63,,,,,,"['DERIVED', 'PRIMARY']",/home/stud1/giri/projects/Dataset/remind/ReMIND-052/61117/20751/Preop SEG 001.dcm
ReMIND-053,1.3.6.1.4.1.14519.5.2.1.102774774758999307054055353002165555299,3,US_pre_imri,,,US,1,598,736,,,,,,"['DERIVED', 'PRIMARY', 'VOLUME', 'NONE']",/home/stud1/giri/projects/Dataset/remind/ReMIND-053/40464/55299/Intraop US 001.dcm
ReMIND-053,1.3.6.1.4.1.14519.5.2.1.132936049661861645058070804192865407204,4,3D_AX_T2_SPACE,,,MR,192,256,256,"[.976562576617015, .976562501687397]",1.0,1.0,,,"['ORIGINAL', 'PRIMARY', 'MPR']",/home/stud1/giri/projects/Dataset/remind/ReMIND-053/36118/07204/Preop MR 303.dcm
ReMIND-053,1.3.6.1.4.1.14519.5.2.1.163317287844057081909276570550564082485,5,2D_AX_T2_FLAIR,,,MR,74,512,512,"[.429687544433215, .42968752711176]",3.3,1.0,,,"['ORIGINAL', 'PRIMARY', 'MPR']",/home/stud1/giri/projects/Dataset/remind/ReMIND-053/40464/82485/Intraop MR 010.dcm
ReMIND-053,1.3.6.1.4.1.14519.5.2.1.177941411830902288881706358732039979396,2,2D_COR_T2_BLADE,,,MR,67,256,256,"[.976561999999986, .976561999999989]",3.02962,1.0,,,"['ORIGINAL', 'PRIMARY', 'MPR']",/home/stud1/giri/projects/Dataset/remind/ReMIND-053/36118/79396/Preop MR 094.dcm
ReMIND-053,1.3.6.1.4.1.14519.5.2.1.184703737342572044181000784044135806645,303,tumor seg - MR ref: 2D_AX_T2_BLADE,,,SEG,1,51,41,,,,,,"['DERIVED', 'PRIMARY']",/home/stud1/giri/projects/Dataset/remind/ReMIND-053/36118/06645/Preop SEG 001.dcm
ReMIND-053,1.3.6.1.4.1.14519.5.2.1.282495262130590961149220984553254555515,1,US_pre_dura,,,US,1,638,737,,,,,,"['DERIVED', 'PRIMARY', 'VOLUME', 'NONE']",/home/stud1/giri/projects/Dataset/remind/ReMIND-053/40464/55515/Intraop US 002.dcm
ReMIND-053,1.3.6.1.4.1.14519.5.2.1.28369358827990708558392023494482884517,305,tumor_residual seg - MR ref: 2D_AX_T2_BLADE,,,SEG,1,29,44,,,,,,"['DERIVED', 'PRIMARY']",/home/stud1/giri/projects/Dataset/remind/ReMIND-053/40464/84517/Intraop SEG 001.dcm
ReMIND-053,1.3.6.1.4.1.14519.5.2.1.32979775424596957592117015946187828927,4,2D_AX_T2_BLADE,,,MR,70,256,256,"[.859374988215598, .859375013313938]",2.0,1.0,,,"['ORIGINAL', 'PRIMARY', 'MPR']",/home/stud1/giri/projects/Dataset/remind/ReMIND-053/40464/28927/Intraop MR 138.dcm
ReMIND-053,1.3.6.1.4.1.14519.5.2.1.62255249500146168266226277710202360135,1,2D_AX_T2_BLADE,,,MR,59,256,256,"[.976561999999988, .976561999999989]",3.02962,1.0,,,"['ORIGINAL', 'PRIMARY', 'MPR']",/home/stud1/giri/projects/Dataset/remind/ReMIND-053/36118/60135/Preop MR 048.dcm
ReMIND-053,1.3.6.1.4.1.14519.5.2.1.62600464481801538285375783080748764276,3,3D_AX_T1_postcontrast,,,MR,176,256,216,"[.97656249965547, .97656247903928]",1.0,1.0,,,"['ORIGINAL', 'PRIMARY', 'MPR']",/home/stud1/giri/projects/Dataset/remind/ReMIND-053/36118/64276/Preop MR 372.dcm
ReMIND-053,1.3.6.1.4.1.14519.5.2.1.72012551042418081115601574429090172852,6,3D_AX_T1_precontrast,,,MR,176,256,256,"[1, .999999999999999]",1.2,1.0,,,"['ORIGINAL', 'PRIMARY', 'MPR']",/home/stud1/giri/projects/Dataset/remind/ReMIND-053/40464/72852/Intraop MR 278.dcm
ReMIND-053,1.3.6.1.4.1.14519.5.2.1.82269123865809845135637131242596425359,2,US_post_dura,,,US,1,589,753,,,,,,"['DERIVED', 'PRIMARY', 'VOLUME', 'NONE']",/home/stud1/giri/projects/Dataset/remind/ReMIND-053/40464/25359/Intraop US 003.dcm
ReMIND-054,1.3.6.1.4.1.14519.5.2.1.100691342352405421780943747423366601180,1,2D_AX_T2_BLADE,,,MR,53,512,448,"[.449218778941938, .449218794129525]",3.0,1.0,,,"['ORIGINAL', 'PRIMARY', 'MPR']",/home/stud1/giri/projects/Dataset/remind/ReMIND-054/83846/01180/Preop MR 403.dcm
ReMIND-054,1.3.6.1.4.1.14519.5.2.1.155953702151961225903469688709519970865,2,3D_AX_T1_postcontrast,,,MR,192,256,256,"[1.05468750331138, 1.05468751979751]",1.0,1.0,,,"['ORIGINAL', 'PRIMARY', 'MPR']",/home/stud1/giri/projects/Dataset/remind/ReMIND-054/83846/70865/Preop MR 094.dcm
ReMIND-054,1.3.6.1.4.1.14519.5.2.1.165972078138749842342288169838811423720,2,US_post_dura,,,US,1,701,806,,,,,,"['DERIVED', 'PRIMARY', 'VOLUME', 'NONE']",/home/stud1/giri/projects/Dataset/remind/ReMIND-054/07242/23720/Intraop US 003.dcm
ReMIND-054,1.3.6.1.4.1.14519.5.2.1.173687148441818864303304500745645279264,303,tumor seg - MR ref: 3D_AX_T2_SPACE,,,SEG,1,83,73,,,,,,"['DERIVED', 'PRIMARY']",/home/stud1/giri/projects/Dataset/remind/ReMIND-054/83846/79264/Preop SEG 003.dcm
ReMIND-054,1.3.6.1.4.1.14519.5.2.1.192502059828102473578152707129910918770,1,US_pre_dura,,,US,1,672,901,,,,,,"['DERIVED', 'PRIMARY', 'VOLUME', 'NONE']",/home/stud1/giri/projects/Dataset/remind/ReMIND-054/07242/18770/Intraop US 001.dcm
ReMIND-054,1.3.6.1.4.1.14519.5.2.1.212291127118729678322192184714640580491,301,cerebrum seg - MR ref: 3D_AX_T1_postcontrast,,,SEG,1,495,408,,,,,,"['DERIVED', 'PRIMARY']",/home/stud1/giri/projects/Dataset/remind/ReMIND-054/83846/80491/Preop SEG 001.dcm
ReMIND-054,1.3.6.1.4.1.14519.5.2.1.234777875730571217634291696090343260233,3,3D_AX_T2_SPACE,,,MR,192,256,256,"[.9765625, .9765625]",1.0,1.0,,,"['ORIGINAL', 'PRIMARY', 'MPR']",/home/stud1/giri/projects/Dataset/remind/ReMIND-054/83846/60233/Preop MR 303.dcm
ReMIND-054,1.3.6.1.4.1.14519.5.2.1.54565075268478557077735691985661565330,4,2D_AX_T2_BLADE,,,MR,70,256,256,"[.859375084882404, .859375012451542]",2.0,1.0,,,"['ORIGINAL', 'PRIMARY', 'MPR']",/home/stud1/giri/projects/Dataset/remind/ReMIND-054/07242/65330/Intraop MR 010.dcm
ReMIND-054,1.3.6.1.4.1.14519.5.2.1.6202159469018061186560047043057745117,305,tumor_residual seg - MR ref: 2D_AX_T2_BLADE,,,SEG,1,23,36,,,,,,"['DERIVED', 'PRIMARY']",/home/stud1/giri/projects/Dataset/remind/ReMIND-054/07242/45117/Intraop SEG 001.dcm
ReMIND-054,1.3.6.1.4.1.14519.5.2.1.87504296911153463114707783201448661751,300,ventricles seg - MR ref: 3D_AX_T1_postcontrast,,,SEG,1,309,234,,,,,,"['DERIVED', 'PRIMARY']",/home/stud1/giri/projects/Dataset/remind/ReMIND-054/83846/61751/Preop SEG 002.dcm
ReMIND-054,1.3.6.1.4.1.14519.5.2.1.88275482131485292228046882341247279619,5,3D_SAG_T2_FLAIR,,,MR,176,512,512,"[.488281238285393, .488281268204457]",1.0,1.0,,,"['ORIGINAL', 'PRIMARY', 'MPR']",/home/stud1/giri/projects/Dataset/remind/ReMIND-054/07242/79619/Intraop MR 224.dcm
ReMIND-054,1.3.6.1.4.1.14519.5.2.1.94749383485462131940055938527933857781,3,US_pre_imri,,,US,1,669,762,,,,,,"['DERIVED', 'PRIMARY', 'VOLUME', 'NONE']",/home/stud1/giri/projects/Dataset/remind/ReMIND-054/07242/57781/Intraop US 002.dcm
ReMIND-055,1.3.6.1.4.1.14519.5.2.1.110294690497023094672768679766014173159,6,3D_SAG_T2_FLAIR,,,MR,176,512,512,"[.488281249115446, .488281287915803]",1.0,1.0,,,"['ORIGINAL', 'PRIMARY', 'MPR']",/home/stud1/giri/projects/Dataset/remind/ReMIND-055/85554/73159/Intraop MR 278.dcm
ReMIND-055,1.3.6.1.4.1.14519.5.2.1.123753089964735304631717167109833017352,3,3D_AX_T1_postcontrast,,,MR,192,256,256,"[.999999984605507, 1.00000002425917]",1.0,1.0,,,"['ORIGINAL', 'PRIMARY', 'MPR']",/home/stud1/giri/projects/Dataset/remind/ReMIND-055/39997/17352/Preop MR 094.dcm
ReMIND-055,1.3.6.1.4.1.14519.5.2.1.127352059917601894392409922952413520553,5,3D_AX_T1_postcontrast,,,MR,176,256,256,"[.999999988067147, .999999989509896]",1.0,1.0,,,"['ORIGINAL', 'PRIMARY', 'MPR']",/home/stud1/giri/projects/Dataset/remind/ReMIND-055/85554/20553/Intraop MR 010.dcm
ReMIND-055,1.3.6.1.4.1.14519.5.2.1.17790643594978850199023505667440839312,303,tumor seg - MR ref: 2D_AX_T2_FLAIR,,,SEG,1,103,81,,,,,,"['DERIVED', 'PRIMARY']",/home/stud1/giri/projects/Dataset/remind/ReMIND-055/39997/39312/Preop SEG 001.dcm
ReMIND-055,1.3.6.1.4.1.14519.5.2.1.181245063886933635498241839874304623234,1,US_pre_dura,,,US,1,656,813,,,,,,"['DERIVED', 'PRIMARY', 'VOLUME', 'NONE']",/home/stud1/giri/projects/Dataset/remind/ReMIND-055/85554/23234/Intraop US 003.dcm
ReMIND-055,1.3.6.1.4.1.14519.5.2.1.211738648006005382211904752296921110694,2,2D_SAG_T2_FLAIR,,,MR,56,240,240,"[1.00000000327929, .999999985139783]",3.0,1.0,,,"['ORIGINAL', 'PRIMARY', 'MPR']",/home/stud1/giri/projects/Dataset/remind/ReMIND-055/39997/10694/Preop MR 283.dcm
ReMIND-055,1.3.6.1.4.1.14519.5.2.1.229291012744139099738286674121515921579,1,2D_AX_T2_FLAIR,,,MR,40,256,256,"[.937500081208058, .937500014626174]",4.0,1.0,,,"['ORIGINAL', 'PRIMARY', 'MPR']",/home/stud1/giri/projects/Dataset/remind/ReMIND-055/39997/21579/Preop MR 230.dcm
ReMIND-055,1.3.6.1.4.1.14519.5.2.1.234103760339188915153229936779015926100,303,tumor seg - MR ref: 3D_AX_T1_postcontrast,,,SEG,1,30,34,,,,,,"['DERIVED', 'PRIMARY']",/home/stud1/giri/projects/Dataset/remind/ReMIND-055/39997/26100/Preop SEG 002.dcm
ReMIND-055,1.3.6.1.4.1.14519.5.2.1.246943906513435306436893497137618691410,4,2D_AX_T2_BLADE,,,MR,70,256,256,"[.859375002384974, .859374989104932]",2.0,1.0,,,"['ORIGINAL', 'PRIMARY', 'MPR']",/home/stud1/giri/projects/Dataset/remind/ReMIND-055/85554/91410/Intraop MR 373.dcm
ReMIND-055,1.3.6.1.4.1.14519.5.2.1.314414140634207126766578529955661461203,2,US_post_dura,,,US,1,620,744,,,,,,"['DERIVED', 'PRIMARY', 'VOLUME', 'NONE']",/home/stud1/giri/projects/Dataset/remind/ReMIND-055/85554/61203/Intraop US 002.dcm
ReMIND-055,1.3.6.1.4.1.14519.5.2.1.52561015993735530230475670053985645875,3,US_pre_imri,,,US,1,656,757,,,,,,"['DERIVED', 'PRIMARY', 'VOLUME', 'NONE']",/home/stud1/giri/projects/Dataset/remind/ReMIND-055/85554/45875/Intraop US 001.dcm
ReMIND-056,1.3.6.1.4.1.14519.5.2.1.14439181228469216207782319560212653914,300,ventricles seg - MR ref: 3D_AX_T1_postcontrast,,,SEG,1,257,165,,,,,,"['DERIVED', 'PRIMARY']",/home/stud1/giri/projects/Dataset/remind/ReMIND-056/54999/53914/Preop SEG 002.dcm
ReMIND-056,1.3.6.1.4.1.14519.5.2.1.171150157051700093888126745576614535604,4,3D_AX_T2_SPACE,,,MR,144,320,320,"[.793749983737278, .793750018762452]",1.2,1.0,,,"['ORIGINAL', 'PRIMARY', 'MPR']",/home/stud1/giri/projects/Dataset/remind/ReMIND-056/54999/35604/Preop MR 303.dcm
ReMIND-056,1.3.6.1.4.1.14519.5.2.1.222027668007658208005627946165170434598,5,3D_SAG_T2_FLAIR,,,MR,176,512,512,"[.48828124502582, .488281262792686]",1.0,1.0,,,"['ORIGINAL', 'PRIMARY', 'MPR']",/home/stud1/giri/projects/Dataset/remind/ReMIND-056/95320/34598/Intraop MR 224.dcm
ReMIND-056,1.3.6.1.4.1.14519.5.2.1.225562599326368669703947793891936877510,2,2D_AX_T2_FLAIR,,,MR,32,320,288,"[.656250044185494, .6562499926832]",4.8,1.0,,,"['ORIGINAL', 'PRIMARY', 'MPR']",/home/stud1/giri/projects/Dataset/remind/ReMIND-056/54999/77510/Preop MR 012.dcm
ReMIND-056,1.3.6.1.4.1.14519.5.2.1.247088173849364992021700070872246038809,301,cerebrum seg - MR ref: 3D_AX_T1_postcontrast,,,SEG,1,407,316,,,,,,"['DERIVED', 'PRIMARY']",/home/stud1/giri/projects/Dataset/remind/ReMIND-056/54999/38809/Preop SEG 003.dcm
ReMIND-056,1.3.6.1.4.1.14519.5.2.1.253426092363008542731271136214575897826,4,2D_AX_T2_BLADE,,,MR,70,256,256,"[.85937504661994, .85937501720495]",2.0,1.0,,,"['ORIGINAL', 'PRIMARY', 'MPR']",/home/stud1/giri/projects/Dataset/remind/ReMIND-056/95320/97826/Intraop MR 010.dcm
ReMIND-056,1.3.6.1.4.1.14519.5.2.1.260778545728222628946681158850482964708,2,US_post_dura,,,US,1,625,764,,,,,,"['DERIVED', 'PRIMARY', 'VOLUME', 'NONE']",/home/stud1/giri/projects/Dataset/remind/ReMIND-056/95320/64708/Intraop US 002.dcm
ReMIND-056,1.3.6.1.4.1.14519.5.2.1.299854425563908596055854630930519909635,1,US_pre_dura,,,US,1,670,771,,,,,,"['DERIVED', 'PRIMARY', 'VOLUME', 'NONE']",/home/stud1/giri/projects/Dataset/remind/ReMIND-056/95320/09635/Intraop US 003.dcm
ReMIND-056,1.3.6.1.4.1.14519.5.2.1.327019758859133910887232800249480026725,3,3D_AX_T1_postcontrast,,,MR,192,512,512,"[.488281276960972, .488281264794683]",0.98,1.0,,,"['ORIGINAL', 'PRIMARY', 'MPR']",/home/stud1/giri/projects/Dataset/remind/ReMIND-056/54999/26725/Preop MR 094.dcm
ReMIND-056,1.3.6.1.4.1.14519.5.2.1.9686731036990579352924944508433688388,1,2D_AX_T2_BLADE,,,MR,31,320,320,"[.656250008838536, .656250086139426]",4.8,1.0,,,"['ORIGINAL', 'PRIMARY', 'MPR']",/home/stud1/giri/projects/Dataset/remind/ReMIND-056/54999/88388/Preop MR 048.dcm
ReMIND-056,1.3.6.1.4.1.14519.5.2.1.97163886306963689374346134759179919921,3,US_pre_imri,,,US,1,575,787,,,,,,"['DERIVED', 'PRIMARY', 'VOLUME', 'NONE']",/home/stud1/giri/projects/Dataset/remind/ReMIND-056/95320/19921/Intraop US 001.dcm
ReMIND-056,1.3.6.1.4.1.14519.5.2.1.99471593031951407796273187095837970150,303,tumor seg - MR ref: 3D_AX_T2_SPACE,,,SEG,1,76,55,,,,,,"['DERIVED', 'PRIMARY']",/home/stud1/giri/projects/Dataset/remind/ReMIND-056/54999/70150/Preop SEG 001.dcm
ReMIND-057,1.3.6.1.4.1.14519.5.2.1.102189573014415823113993827123934909680,4,3D_AX_T1_postcontrast,,,MR,192,256,216,"[.9765625, .9765625]",1.0,1.0,,,"['ORIGINAL', 'PRIMARY', 'MPR']",/home/stud1/giri/projects/Dataset/remind/ReMIND-057/69496/09680/Preop MR 094.dcm
ReMIND-057,1.3.6.1.4.1.14519.5.2.1.117487211345305402670716137436513099277,3,2D_COR_T2_BLADE,,,MR,90,320,320,"[.531250022465167, .531250002791572]",2.0,1.0,,,"['ORIGINAL', 'PRIMARY', 'MPR']",/home/stud1/giri/projects/Dataset/remind/ReMIND-057/69496/99277/Preop MR 553.dcm
ReMIND-057,1.3.6.1.4.1.14519.5.2.1.147887161425271080580349995135942308526,302,previous_resection_cavity seg - MR ref: 3D_AX_T1_postcontrast,,,SEG,1,36,34,,,,,,"['DERIVED', 'PRIMARY']",/home/stud1/giri/projects/Dataset/remind/ReMIND-057/69496/08526/Preop SEG 003.dcm
ReMIND-057,1.3.6.1.4.1.14519.5.2.1.147949324038063748980435243451587292587,303,tumor seg - MR ref: 3D_AX_T1_postcontrast,,,SEG,1,67,38,,,,,,"['DERIVED', 'PRIMARY']",/home/stud1/giri/projects/Dataset/remind/ReMIND-057/69496/92587/Preop SEG 001.dcm
ReMIND-057,1.3.6.1.4.1.14519.5.2.1.154191167211575031541300767587161982995,1,US_pre_dura,,,US,1,608,783,,,,,,"['DERIVED', 'PRIMARY', 'VOLUME', 'NONE']",/home/stud1/giri/projects/Dataset/remind/ReMIND-057/39581/82995/Intraop US 003.dcm
ReMIND-057,1.3.6.1.4.1.14519.5.2.1.185254492651224601476009575665336566812,3,US_pre_imri,,,US,1,632,751,,,,,,"['DERIVED', 'PRIMARY', 'VOLUME', 'NONE']",/home/stud1/giri/projects/Dataset/remind/ReMIND-057/39581/66812/Intraop US 002.dcm
ReMIND-057,1.3.6.1.4.1.14519.5.2.1.201560561090476483929143936804161272667,5,3D_AX_T1_postcontrast,,,MR,176,256,224,"[.999999998703099, .999999985093448]",1.0,1.0,,,"['ORIGINAL', 'PRIMARY', 'MPR']",/home/stud1/giri/projects/Dataset/remind/ReMIND-057/39581/72667/Intraop MR 224.dcm
ReMIND-057,1.3.6.1.4.1.14519.5.2.1.213039755122025115479772225911062867580,4,2D_AX_T2_BLADE,,,MR,70,256,256,"[.859375059612344, .859375018858755]",2.0,1.0,,,"['ORIGINAL', 'PRIMARY', 'MPR']",/home/stud1/giri/projects/Dataset/remind/ReMIND-057/39581/67580/Intraop MR 010.dcm
ReMIND-057,1.3.6.1.4.1.14519.5.2.1.220117304698613545286959108298080274989,2,US_post_dura,,,US,1,605,750,,,,,,"['DERIVED', 'PRIMARY', 'VOLUME', 'NONE']",/home/stud1/giri/projects/Dataset/remind/ReMIND-057/39581/74989/Intraop US 001.dcm
ReMIND-057,1.3.6.1.4.1.14519.5.2.1.225310634949861443621730436633202423452,5,3D_AX_T2_SPACE,,,MR,192,256,256,"[.976562518062727, .976562544636684]",1.0,1.0,,,"['ORIGINAL', 'PRIMARY', 'MPR']",/home/stud1/giri/projects/Dataset/remind/ReMIND-057/69496/23452/Preop MR 303.dcm
ReMIND-057,1.3.6.1.4.1.14519.5.2.1.252371699257669593139929185539302509255,301,cerebrum seg - MR ref: 3D_AX_T1_postcontrast,,,SEG,1,324,272,,,,,,"['DERIVED', 'PRIMARY']",/home/stud1/giri/projects/Dataset/remind/ReMIND-057/69496/09255/Preop SEG 002.dcm
ReMIND-057,1.3.6.1.4.1.14519.5.2.1.287956482090485814774759312610743703021,305,tumor_residual seg - MR ref: 3D_AX_T1_postcontrast,,,SEG,1,36,23,,,,,,"['DERIVED', 'PRIMARY']",/home/stud1/giri/projects/Dataset/remind/ReMIND-057/39581/03021/Intraop SEG 001.dcm
ReMIND-057,1.3.6.1.4.1.14519.5.2.1.315118938441343523190981675005124166702,1,2D_AX_T2_BLADE,,,MR,76,320,320,"[.687500019245993, .687500036546911]",2.0,1.0,,,"['ORIGINAL', 'PRIMARY', 'MPR']",/home/stud1/giri/projects/Dataset/remind/ReMIND-057/69496/66702/Preop MR 417.dcm
ReMIND-057,1.3.6.1.4.1.14519.5.2.1.52832172523453765701068262213110031682,2,2D_AX_T2_FLAIR,,,MR,31,320,280,"[.656249983048693, .656250018256448]",5.0,1.0,,,"['ORIGINAL', 'PRIMARY', 'MPR']",/home/stud1/giri/projects/Dataset/remind/ReMIND-057/69496/31682/Preop MR 403.dcm
ReMIND-057,1.3.6.1.4.1.14519.5.2.1.8937872567918936025520677762856613685,300,ventricles seg - MR ref: 3D_AX_T1_postcontrast,,,SEG,1,103,75,,,,,,"['DERIVED', 'PRIMARY']",/home/stud1/giri/projects/Dataset/remind/ReMIND-057/69496/13685/Preop SEG 004.dcm
ReMIND-058,1.3.6.1.4.1.14519.5.2.1.119064895640654271110952606088633839206,1,2D_AX_T2_BLADE,,,MR,64,512,512,"[.390624993070612, .390625038171996]",2.0,1.0,,,"['ORIGINAL', 'PRIMARY', 'MPR']",/home/stud1/giri/projects/Dataset/remind/ReMIND-058/72311/39206/Preop MR 048.dcm
ReMIND-058,1.3.6.1.4.1.14519.5.2.1.156844932748721273365470765856640237071,4,2D_AX_T2_BLADE,,,MR,70,256,256,"[.859374999999999, .859374999999998]",2.0,1.0,,,"['ORIGINAL', 'PRIMARY', 'MPR']",/home/stud1/giri/projects/Dataset/remind/ReMIND-058/46647/37071/Intraop MR 138.dcm
ReMIND-058,1.3.6.1.4.1.14519.5.2.1.194893363404978690589823547388869868331,2,2D_AX_T2_FLAIR,,,MR,32,512,512,"[.390599998012698, .390600035106274]",5.00002,1.0,,,"['ORIGINAL', 'PRIMARY', 'MPR']",/home/stud1/giri/projects/Dataset/remind/ReMIND-058/72311/68331/Preop MR 094.dcm
ReMIND-058,1.3.6.1.4.1.14519.5.2.1.204466896419916562071831945963221380658,301,cerebrum seg - MR ref: 3D_AX_T1_postcontrast,,,SEG,1,569,429,,,,,,"['DERIVED', 'PRIMARY']",/home/stud1/giri/projects/Dataset/remind/ReMIND-058/72311/80658/Preop SEG 002.dcm
ReMIND-058,1.3.6.1.4.1.14519.5.2.1.278043076177179630493864202860894661132,6,3D_AX_T1_precontrast,,,MR,176,256,256,"[.999999999999998, .999999999999998]",1.2,1.0,,,"['ORIGINAL', 'PRIMARY', 'MPR']",/home/stud1/giri/projects/Dataset/remind/ReMIND-058/46647/61132/Intraop MR 278.dcm
ReMIND-058,1.3.6.1.4.1.14519.5.2.1.319572443809156610047819877413841919990,3,US_pre_imri,,,US,1,803,846,,,,,,"['DERIVED', 'PRIMARY', 'VOLUME', 'NONE']",/home/stud1/giri/projects/Dataset/remind/ReMIND-058/46647/19990/Intraop US 001.dcm
ReMIND-058,1.3.6.1.4.1.14519.5.2.1.47439052900055747904653230179970791898,4,3D_SAG_T2,,,MR,320,512,512,"[.468799999999999, .468799999999999]",0.599999,1.0,,,"['ORIGINAL', 'PRIMARY', 'MPR']",/home/stud1/giri/projects/Dataset/remind/ReMIND-058/72311/91898/Preop MR 303.dcm
ReMIND-058,1.3.6.1.4.1.14519.5.2.1.51249411938203733752818460720381393281,2,US_post_dura,,,US,1,763,865,,,,,,"['DERIVED', 'PRIMARY', 'VOLUME', 'NONE']",/home/stud1/giri/projects/Dataset/remind/ReMIND-058/46647/93281/Intraop US 003.dcm
ReMIND-058,1.3.6.1.4.1.14519.5.2.1.61178264022154734790807865137944312605,5,2D_AX_T2_FLAIR,,,MR,74,512,512,"[.429687499999999, .429687499999999]",3.3,1.0,,,"['ORIGINAL', 'PRIMARY', 'MPR']",/home/stud1/giri/projects/Dataset/remind/ReMIND-058/46647/12605/Intraop MR 010.dcm
ReMIND-058,1.3.6.1.4.1.14519.5.2.1.66334750743405483095419526356506794552,303,tumor seg - MR ref: 3D_SAG_T2,,,SEG,1,140,251,,,,,,"['DERIVED', 'PRIMARY']",/home/stud1/giri/projects/Dataset/remind/ReMIND-058/72311/94552/Preop SEG 001.dcm
ReMIND-058,1.3.6.1.4.1.14519.5.2.1.72095961304295342052572642503009670113,1,US_pre_dura,,,US,1,687,748,,,,,,"['DERIVED', 'PRIMARY', 'VOLUME', 'NONE']",/home/stud1/giri/projects/Dataset/remind/ReMIND-058/46647/70113/Intraop US 002.dcm
ReMIND-058,1.3.6.1.4.1.14519.5.2.1.8073935812944883437407914648407473760,3,3D_AX_T1_postcontrast,,,MR,166,256,256,"[.976600004471401, .976599999879867]",1.0,1.0,,,"['ORIGINAL', 'PRIMARY', 'MPR']",/home/stud1/giri/projects/Dataset/remind/ReMIND-058/72311/73760/Preop MR 553.dcm
ReMIND-059,1.3.6.1.4.1.14519.5.2.1.118083905852576217521915773261634700814,3,US_pre_imri,,,US,1,632,742,,,,,,"['DERIVED', 'PRIMARY', 'VOLUME', 'NONE']",/home/stud1/giri/projects/Dataset/remind/ReMIND-059/99386/00814/Intraop US 003.dcm
ReMIND-059,1.3.6.1.4.1.14519.5.2.1.163576823136907144820913764140526984355,303,tumor seg - MR ref: 3D_AX_T1_postcontrast,,,SEG,1,76,92,,,,,,"['DERIVED', 'PRIMARY']",/home/stud1/giri/projects/Dataset/remind/ReMIND-059/29179/84355/Preop SEG 002.dcm
ReMIND-059,1.3.6.1.4.1.14519.5.2.1.16876003522064194522106488848625624438,1,3D_AX_T1_postcontrast,,,MR,176,256,208,"[.9765625, .9765625]",1.0,1.0,,,"['ORIGINAL', 'PRIMARY', 'MPR']",/home/stud1/giri/projects/Dataset/remind/ReMIND-059/29179/24438/Preop MR 094.dcm
ReMIND-059,1.3.6.1.4.1.14519.5.2.1.214919734875407409812071242588888416389,301,cerebrum seg - MR ref: 3D_AX_T1_postcontrast,,,SEG,1,510,414,,,,,,"['DERIVED', 'PRIMARY']",/home/stud1/giri/projects/Dataset/remind/ReMIND-059/29179/16389/Preop SEG 001.dcm
ReMIND-059,1.3.6.1.4.1.14519.5.2.1.256647798012439121042120845850120561126,2,US_post_dura,,,US,1,584,732,,,,,,"['DERIVED', 'PRIMARY', 'VOLUME', 'NONE']",/home/stud1/giri/projects/Dataset/remind/ReMIND-059/99386/61126/Intraop US 001.dcm
ReMIND-059,1.3.6.1.4.1.14519.5.2.1.260197313343807077200254506968941928551,2,3D_AX_T2_SPACE,,,MR,176,256,256,"[.9765625, .9765625]",1.0,1.0,,,"['ORIGINAL', 'PRIMARY', 'MPR']",/home/stud1/giri/projects/Dataset/remind/ReMIND-059/29179/28551/Preop MR 303.dcm
ReMIND-059,1.3.6.1.4.1.14519.5.2.1.300951773284591402348692707777099591865,4,2D_AX_T2_BLADE,,,MR,70,256,256,"[.859374989643699, .859374995006743]",2.0,1.0,,,"['ORIGINAL', 'PRIMARY', 'MPR']",/home/stud1/giri/projects/Dataset/remind/ReMIND-059/99386/91865/Intraop MR 010.dcm
ReMIND-059,1.3.6.1.4.1.14519.5.2.1.324807455076408797781653006616962965628,6,3D_AX_T1_precontrast,,,MR,176,256,256,"[.983130899561004, .966050178091694]",1.21013,1.0,,,"['ORIGINAL', 'PRIMARY', 'MPR']",/home/stud1/giri/projects/Dataset/remind/ReMIND-059/99386/65628/Intraop MR 278.dcm
ReMIND-059,1.3.6.1.4.1.14519.5.2.1.335154439900651929993244493995331275602,1,US_pre_dura,,,US,1,610,725,,,,,,"['DERIVED', 'PRIMARY', 'VOLUME', 'NONE']",/home/stud1/giri/projects/Dataset/remind/ReMIND-059/99386/75602/Intraop US 002.dcm
ReMIND-059,1.3.6.1.4.1.14519.5.2.1.4578001658386934027594702515865156675,5,2D_AX_T2_FLAIR,,,MR,49,512,512,"[.423421829938888, .416895925998687]",3.30373,1.0,,,"['ORIGINAL', 'PRIMARY', 'MPR']",/home/stud1/giri/projects/Dataset/remind/ReMIND-059/99386/56675/Intraop MR 078.dcm
ReMIND-060,1.3.6.1.4.1.14519.5.2.1.108546644938447656954823675850332030669,4,2D_AX_T2_BLADE,,,MR,70,256,256,"[.859374981952776, .859375071398973]",2.0,1.0,,,"['ORIGINAL', 'PRIMARY', 'MPR']",/home/stud1/giri/projects/Dataset/remind/ReMIND-060/85325/30669/Intraop MR 010.dcm
ReMIND-060,1.3.6.1.4.1.14519.5.2.1.109311460566096692638580966993842250914,305,tumor_residual seg - MR ref: 3D_AX_T1_postcontrast,,,SEG,1,54,29,,,,,,"['DERIVED', 'PRIMARY']",/home/stud1/giri/projects/Dataset/remind/ReMIND-060/85325/50914/Intraop SEG 001.dcm
ReMIND-060,1.3.6.1.4.1.14519.5.2.1.143941851174524311034689276082054462211,303,tumor seg - MR ref: 2D_AX_T2,,,SEG,1,62,55,,,,,,"['DERIVED', 'PRIMARY']",/home/stud1/giri/projects/Dataset/remind/ReMIND-060/02294/62211/Preop SEG 005.dcm
ReMIND-060,1.3.6.1.4.1.14519.5.2.1.179693650967568047233733464349679818104,5,3D_AX_T1_postcontrast,,,MR,176,256,256,"[1.00000001584578, .999999997982231]",1.0,1.0,,,"['ORIGINAL', 'PRIMARY', 'MPR']",/home/stud1/giri/projects/Dataset/remind/ReMIND-060/85325/18104/Intraop MR 373.dcm
ReMIND-060,1.3.6.1.4.1.14519.5.2.1.221980246037194213855256778484770452313,301,cerebrum seg - MR ref: 3D_AX_T1_postcontrast,,,SEG,1,346,290,,,,,,"['DERIVED', 'PRIMARY']",/home/stud1/giri/projects/Dataset/remind/ReMIND-060/02294/52313/Preop SEG 003.dcm
ReMIND-060,1.3.6.1.4.1.14519.5.2.1.237998676770102163698329879247431959019,3,3D_AX_T1_postcontrast,,,MR,192,256,224,"[.999999983614475, .999999986692651]",1.0,1.0,,,"['ORIGINAL', 'PRIMARY', 'MPR']",/home/stud1/giri/projects/Dataset/remind/ReMIND-060/02294/59019/Preop MR 094.dcm
ReMIND-060,1.3.6.1.4.1.14519.5.2.1.246345978654306056362894413961483340705,1,2D_AX_T2,,,MR,44,256,256,"[.937499978713605, .937500020736375]",4.0,1.0,,,"['ORIGINAL', 'PRIMARY', 'MPR']",/home/stud1/giri/projects/Dataset/remind/ReMIND-060/02294/40705/Preop MR 035.dcm
ReMIND-060,1.3.6.1.4.1.14519.5.2.1.249789374077726183496092355386515722012,2,2D_AX_T2_FLAIR,,,MR,31,256,216,"[.937500064024962, .937500033015947]",4.0,1.0,,,"['ORIGINAL', 'PRIMARY', 'MPR']",/home/stud1/giri/projects/Dataset/remind/ReMIND-060/02294/22012/Preop MR 048.dcm
ReMIND-060,1.3.6.1.4.1.14519.5.2.1.267038099257898841791560907450654411326,302,previous_resection_cavity seg - MR ref: 3D_AX_T1_postcontrast,,,SEG,1,70,31,,,,,,"['DERIVED', 'PRIMARY']",/home/stud1/giri/projects/Dataset/remind/ReMIND-060/02294/11326/Preop SEG 002.dcm
ReMIND-060,1.3.6.1.4.1.14519.5.2.1.279202455830252440218326189567042952282,303,tumor seg - MR ref: 3D_AX_T1_postcontrast,,,SEG,1,75,19,,,,,,"['DERIVED', 'PRIMARY']",/home/stud1/giri/projects/Dataset/remind/ReMIND-060/02294/52282/Preop SEG 004.dcm
ReMIND-060,1.3.6.1.4.1.14519.5.2.1.307351363672375263772320110814807236398,300,ventricles seg - MR ref: 3D_AX_T1_postcontrast,,,SEG,1,238,162,,,,,,"['DERIVED', 'PRIMARY']",/home/stud1/giri/projects/Dataset/remind/ReMIND-060/02294/36398/Preop SEG 001.dcm
ReMIND-060,1.3.6.1.4.1.14519.5.2.1.34443778743291292854391044005176895982,2,US_post_dura,,,US,1,676,1002,,,,,,"['DERIVED', 'PRIMARY', 'VOLUME', 'NONE']",/home/stud1/giri/projects/Dataset/remind/ReMIND-060/85325/95982/Intraop US 001.dcm
ReMIND-060,1.3.6.1.4.1.14519.5.2.1.54465588357327846952151599639064017599,3,US_pre_imri,,,US,1,866,1016,,,,,,"['DERIVED', 'PRIMARY', 'VOLUME', 'NONE']",/home/stud1/giri/projects/Dataset/remind/ReMIND-060/85325/17599/Intraop US 003.dcm
ReMIND-060,1.3.6.1.4.1.14519.5.2.1.6288930691602070578908668997631231041,1,US_pre_dura,,,US,1,627,789,,,,,,"['DERIVED', 'PRIMARY', 'VOLUME', 'NONE']",/home/stud1/giri/projects/Dataset/remind/ReMIND-060/85325/31041/Intraop US 002.dcm
ReMIND-060,1.3.6.1.4.1.14519.5.2.1.84199922519081847318226147188512387221,6,3D_SAG_T2_FLAIR,,,MR,176,512,512,"[.488281251287904, .488281242515135]",1.0,1.0,,,"['ORIGINAL', 'PRIMARY', 'MPR']",/home/stud1/giri/projects/Dataset/remind/ReMIND-060/85325/87221/Intraop MR 224.dcm
ReMIND-063,1.3.6.1.4.1.14519.5.2.1.103234592044430551502742168982608505277,1,2D_COR_T2_BLADE,,,MR,75,512,512,"[.410156252787697, .410156249119105]",2.5,1.0,,,"['ORIGINAL', 'PRIMARY', 'MPR']",/home/stud1/giri/projects/Dataset/remind/ReMIND-063/33814/05277/Preop MR 403.dcm
ReMIND-063,1.3.6.1.4.1.14519.5.2.1.107753215785062695730890634425706501737,301,cerebrum seg - MR ref: 3D_AX_T1_postcontrast,,,SEG,1,340,284,,,,,,"['DERIVED', 'PRIMARY']",/home/stud1/giri/projects/Dataset/remind/ReMIND-063/33814/01737/Preop SEG 002.dcm
ReMIND-063,1.3.6.1.4.1.14519.5.2.1.121658245171441438543046499864379137663,5,2D_COR_T2_BLADE,,,MR,70,256,256,"[.859375080185253, .859375073225904]",3.0,1.0,,,"['ORIGINAL', 'PRIMARY', 'MPR']",/home/stud1/giri/projects/Dataset/remind/ReMIND-063/14946/37663/Intraop MR 278.dcm
ReMIND-063,1.3.6.1.4.1.14519.5.2.1.152775421525101685644726732648603260993,2,US_post_dura,,,US,1,588,735,,,,,,"['DERIVED', 'PRIMARY', 'VOLUME', 'NONE']",/home/stud1/giri/projects/Dataset/remind/ReMIND-063/14946/60993/Intraop US 003.dcm
ReMIND-063,1.3.6.1.4.1.14519.5.2.1.162666041431517840160671489351259543088,305,tumor_residual seg - MR ref: 2D_AX_T2_BLADE,,,SEG,1,30,35,,,,,,"['DERIVED', 'PRIMARY']",/home/stud1/giri/projects/Dataset/remind/ReMIND-063/14946/43088/Intraop SEG 001.dcm
ReMIND-063,1.3.6.1.4.1.14519.5.2.1.175012911961131349297527444894931165291,3,3D_AX_T2_SPACE,,,MR,192,256,256,"[.976562505414616, .97656249509705]",1.0,1.0,,,"['ORIGINAL', 'PRIMARY', 'MPR']",/home/stud1/giri/projects/Dataset/remind/ReMIND-063/33814/65291/Preop MR 094.dcm
ReMIND-063,1.3.6.1.4.1.14519.5.2.1.185285454923139542242041949514261631257,3,US_pre_imri,,,US,1,698,749,,,,,,"['DERIVED', 'PRIMARY', 'VOLUME', 'NONE']",/home/stud1/giri/projects/Dataset/remind/ReMIND-063/14946/31257/Intraop US 001.dcm
ReMIND-063,1.3.6.1.4.1.14519.5.2.1.277231390730643564143678484371662313669,303,tumor seg - MR ref: 3D_AX_T1_postcontrast,,,SEG,1,51,44,,,,,,"['DERIVED', 'PRIMARY']",/home/stud1/giri/projects/Dataset/remind/ReMIND-063/33814/13669/Preop SEG 001.dcm
ReMIND-063,1.3.6.1.4.1.14519.5.2.1.296219036419368778946142049662392560799,2,3D_AX_T1_postcontrast,,,MR,192,256,216,"[.9765625, .9765625]",1.0,1.0,,,"['ORIGINAL', 'PRIMARY', 'MPR']",/home/stud1/giri/projects/Dataset/remind/ReMIND-063/33814/60799/Preop MR 303.dcm
ReMIND-063,1.3.6.1.4.1.14519.5.2.1.297012262784862220165619660353349572956,4,2D_AX_T2_BLADE,,,MR,70,256,256,"[.859375037686381, .859375088422925]",2.0,1.0,,,"['ORIGINAL', 'PRIMARY', 'MPR']",/home/stud1/giri/projects/Dataset/remind/ReMIND-063/14946/72956/Intraop MR 224.dcm
ReMIND-063,1.3.6.1.4.1.14519.5.2.1.308077480426017983422106301365414192106,1,US_pre_dura,,,US,1,589,729,,,,,,"['DERIVED', 'PRIMARY', 'VOLUME', 'NONE']",/home/stud1/giri/projects/Dataset/remind/ReMIND-063/14946/92106/Intraop US 002.dcm
ReMIND-063,1.3.6.1.4.1.14519.5.2.1.326265282492287245986871090019265299414,6,3D_SAG_T2_FLAIR,,,MR,176,512,512,"[.488281248233299, .488281290256737]",1.0,1.0,,,"['ORIGINAL', 'PRIMARY', 'MPR']",/home/stud1/giri/projects/Dataset/remind/ReMIND-063/14946/99414/Intraop MR 010.dcm
ReMIND-064,1.3.6.1.4.1.14519.5.2.1.117538565839493848110785139203213300357,5,3D_AX_T1_postcontrast,,,MR,176,256,256,"[1, 1]",1.2,1.0,,,"['ORIGINAL', 'PRIMARY', 'MPR']",/home/stud1/giri/projects/Dataset/remind/ReMIND-064/64361/00357/Intraop MR 010.dcm
ReMIND-064,1.3.6.1.4.1.14519.5.2.1.175935239247999485046427912042145967815,1,US_pre_dura,,,US,1,666,767,,,,,,"['DERIVED', 'PRIMARY', 'VOLUME', 'NONE']",/home/stud1/giri/projects/Dataset/remind/ReMIND-064/64361/67815/Intraop US 003.dcm
ReMIND-064,1.3.6.1.4.1.14519.5.2.1.196337119610183433050147745232886264762,302,previous_resection_cavity seg - MR ref: 3D_AX_T1_postcontrast,,,SEG,1,44,38,,,,,,"['DERIVED', 'PRIMARY']",/home/stud1/giri/projects/Dataset/remind/ReMIND-064/44216/64762/Preop SEG 001.dcm
ReMIND-064,1.3.6.1.4.1.14519.5.2.1.208629994383376974658110040555135200630,303,tumor seg - MR ref: 3D_AX_T1_postcontrast,,,SEG,1,61,66,,,,,,"['DERIVED', 'PRIMARY']",/home/stud1/giri/projects/Dataset/remind/ReMIND-064/44216/00630/Preop SEG 002.dcm
ReMIND-064,1.3.6.1.4.1.14519.5.2.1.228734755774105920703276924403092097941,2,US_post_dura,,,US,1,613,739,,,,,,"['DERIVED', 'PRIMARY', 'VOLUME', 'NONE']",/home/stud1/giri/projects/Dataset/remind/ReMIND-064/64361/97941/Intraop US 001.dcm
ReMIND-064,1.3.6.1.4.1.14519.5.2.1.280815684584198606392061847309720275811,1,2D_AX_T2,,,MR,32,896,756,"[.234375003706306, .234374998077247]",5.0,1.0,,,"['ORIGINAL', 'PRIMARY', 'MPR']",/home/stud1/giri/projects/Dataset/remind/ReMIND-064/44216/75811/Preop MR 048.dcm
ReMIND-064,1.3.6.1.4.1.14519.5.2.1.282640287866639152819181110916506913280,4,2D_AX_T2_BLADE,,,MR,70,256,256,"[.859375086459894, .859374980455692]",2.0,1.0,,,"['ORIGINAL', 'PRIMARY', 'MPR']",/home/stud1/giri/projects/Dataset/remind/ReMIND-064/64361/13280/Intraop MR 224.dcm
ReMIND-064,1.3.6.1.4.1.14519.5.2.1.284865797708131283135467378557905453632,301,cerebrum seg - MR ref: 3D_AX_T1_postcontrast,,,SEG,1,556,429,,,,,,"['DERIVED', 'PRIMARY']",/home/stud1/giri/projects/Dataset/remind/ReMIND-064/44216/53632/Preop SEG 003.dcm
ReMIND-064,1.3.6.1.4.1.14519.5.2.1.33788125531174144162305014482921126370,2,2D_AX_T2_FLAIR,,,MR,32,320,270,"[.656250024717653, .65624998975912]",5.0,1.0,,,"['ORIGINAL', 'PRIMARY', 'MPR']",/home/stud1/giri/projects/Dataset/remind/ReMIND-064/44216/26370/Preop MR 012.dcm
ReMIND-064,1.3.6.1.4.1.14519.5.2.1.54800097324870331062711256269804711636,3,3D_AX_T1_postcontrast,,,MR,192,256,192,"[.976562488566307, .976562497786842]",1.0,1.0,,,"['ORIGINAL', 'PRIMARY', 'MPR']",/home/stud1/giri/projects/Dataset/remind/ReMIND-064/44216/11636/Preop MR 094.dcm
ReMIND-064,1.3.6.1.4.1.14519.5.2.1.54837181045267325439203406437062794638,3,US_pre_imri,,,US,1,691,783,,,,,,"['DERIVED', 'PRIMARY', 'VOLUME', 'NONE']",/home/stud1/giri/projects/Dataset/remind/ReMIND-064/64361/94638/Intraop US 002.dcm
ReMIND-066,1.3.6.1.4.1.14519.5.2.1.100586321205392875770560922642660892383,4,3D_AX_T2_SPACE,,,MR,192,256,256,"[.976562512884762, .976562488635718]",1.0,1.0,,,"['ORIGINAL', 'PRIMARY', 'MPR']",/home/stud1/giri/projects/Dataset/remind/ReMIND-066/96891/92383/Preop MR 303.dcm
ReMIND-066,1.3.6.1.4.1.14519.5.2.1.123038217901682405474355404318723613648,5,3D_SAG_T1_MP2RAGE,,,MR,176,224,210,"[1.14285713539953, 1.14285723422465]",1.0,1.0,,,"['ORIGINAL', 'PRIMARY', 'MPR']",/home/stud1/giri/projects/Dataset/remind/ReMIND-066/02882/13648/Intraop MR 224.dcm
ReMIND-066,1.3.6.1.4.1.14519.5.2.1.147136671848806462665057873258324342627,1,US_pre_dura,,,US,1,613,772,,,,,,"['DERIVED', 'PRIMARY', 'VOLUME', 'NONE']",/home/stud1/giri/projects/Dataset/remind/ReMIND-066/02882/42627/Intraop US 002.dcm
ReMIND-066,1.3.6.1.4.1.14519.5.2.1.170740601910365435636058941016446932122,4,2D_AX_T2_BLADE,,,MR,70,256,256,"[.859375083752527, .859374975370039]",2.0,1.0,,,"['ORIGINAL', 'PRIMARY', 'MPR']",/home/stud1/giri/projects/Dataset/remind/ReMIND-066/02882/32122/Intraop MR 010.dcm
ReMIND-066,1.3.6.1.4.1.14519.5.2.1.171944180588309213352099556317889967849,5,3D_SAG_T1_MP2RAGE,,,MR,176,256,256,"[.99999997634695, .99999998505879]",1.0,1.0,,,"['ORIGINAL', 'PRIMARY', 'MPR']",/home/stud1/giri/projects/Dataset/remind/ReMIND-066/96891/67849/Preop MR 553.dcm
ReMIND-066,1.3.6.1.4.1.14519.5.2.1.188200387530081972563152984731936153871,303,tumor seg - MR ref: 3D_SAG_T1_MP2RAGE,,,SEG,1,47,57,,,,,,"['DERIVED', 'PRIMARY']",/home/stud1/giri/projects/Dataset/remind/ReMIND-066/96891/53871/Preop SEG 003.dcm
ReMIND-066,1.3.6.1.4.1.14519.5.2.1.199774097592575199745228698270810314223,300,ventricles seg - MR ref: 3D_AX_T1_postcontrast,,,SEG,1,234,164,,,,,,"['DERIVED', 'PRIMARY']",/home/stud1/giri/projects/Dataset/remind/ReMIND-066/96891/14223/Preop SEG 001.dcm
ReMIND-066,1.3.6.1.4.1.14519.5.2.1.216645686564655568591842759146084284736,3,US_pre_imri,,,US,1,603,718,,,,,,"['DERIVED', 'PRIMARY', 'VOLUME', 'NONE']",/home/stud1/giri/projects/Dataset/remind/ReMIND-066/02882/84736/Intraop US 003.dcm
ReMIND-066,1.3.6.1.4.1.14519.5.2.1.243875377197159364886229985040300306071,305,tumor_residual seg - MR ref: 3D_SAG_T2_FLAIR,,,SEG,1,34,28,,,,,,"['DERIVED', 'PRIMARY']",/home/stud1/giri/projects/Dataset/remind/ReMIND-066/02882/06071/Intraop SEG 001.dcm
ReMIND-066,1.3.6.1.4.1.14519.5.2.1.268825797094532165063777127599153262686,3,3D_AX_T1_postcontrast,,,MR,208,256,216,"[.976562479806183, .976562583316812]",1.0,1.0,,,"['ORIGINAL', 'PRIMARY', 'MPR']",/home/stud1/giri/projects/Dataset/remind/ReMIND-066/96891/62686/Preop MR 094.dcm
ReMIND-066,1.3.6.1.4.1.14519.5.2.1.28424156272468675571903289613443527597,2,2D_AX_T2_FLAIR,,,MR,30,320,280,"[.656249990351233, .65624991948339]",5.0,1.0,,,"['ORIGINAL', 'PRIMARY', 'MPR']",/home/stud1/giri/projects/Dataset/remind/ReMIND-066/96891/27597/Preop MR 230.dcm
ReMIND-066,1.3.6.1.4.1.14519.5.2.1.308408740314169398448114144952264897214,6,3D_SAG_T2_FLAIR,,,MR,176,512,512,"[.499907493591308, .491042405366897]",1.00222,1.0,,,"['ORIGINAL', 'PRIMARY', 'MPR']",/home/stud1/giri/projects/Dataset/remind/ReMIND-066/02882/97214/Intraop MR 373.dcm
ReMIND-066,1.3.6.1.4.1.14519.5.2.1.317017481467098508785287955389246734367,1,2D_AX_T2_BLADE,,,MR,57,512,512,"[.410156247695822, .410156293177639]",2.5,1.0,,,"['ORIGINAL', 'PRIMARY', 'MPR']",/home/stud1/giri/projects/Dataset/remind/ReMIND-066/96891/34367/Preop MR 652.dcm
ReMIND-066,1.3.6.1.4.1.14519.5.2.1.45213564930012770768520308518218438522,301,cerebrum seg - MR ref: 3D_AX_T1_postcontrast,,,SEG,1,350,276,,,,,,"['DERIVED', 'PRIMARY']",/home/stud1/giri/projects/Dataset/remind/ReMIND-066/96891/38522/Preop SEG 002.dcm
ReMIND-066,1.3.6.1.4.1.14519.5.2.1.55139939926992837985045872215434047868,303,tumor seg - MR ref: 3D_AX_T2_SPACE,,,SEG,1,57,49,,,,,,"['DERIVED', 'PRIMARY']",/home/stud1/giri/projects/Dataset/remind/ReMIND-066/96891/47868/Preop SEG 004.dcm
ReMIND-066,1.3.6.1.4.1.14519.5.2.1.79388366612084327675981524761033071533,2,US_post_dura,,,US,1,581,743,,,,,,"['DERIVED', 'PRIMARY', 'VOLUME', 'NONE']",/home/stud1/giri/projects/Dataset/remind/ReMIND-066/02882/71533/Intraop US 001.dcm
ReMIND-067,1.3.6.1.4.1.14519.5.2.1.103925985650841849432024993835444682317,4,2D_AX_T2_BLADE,,,MR,70,256,256,"[.859374989166204, .859374992423284]",2.0,1.0,,,"['ORIGINAL', 'PRIMARY', 'MPR']",/home/stud1/giri/projects/Dataset/remind/ReMIND-067/13090/82317/Intraop MR 278.dcm
ReMIND-067,1.3.6.1.4.1.14519.5.2.1.107907167555997726197180399345889120644,6,3D_AX_T1_postcontrast,,,MR,176,256,256,"[.99999999816252, 1.00000000400082]",1.0,1.0,,,"['ORIGINAL', 'PRIMARY', 'MPR']",/home/stud1/giri/projects/Dataset/remind/ReMIND-067/13090/20644/Intraop MR 010.dcm
ReMIND-067,1.3.6.1.4.1.14519.5.2.1.12146692242170887568944073269744389003,1,2D_AX_T2_FLAIR,,,MR,56,256,224,"[.93749999559487, .937500019381536]",3.0,1.0,,,"['ORIGINAL', 'PRIMARY', 'MPR']",/home/stud1/giri/projects/Dataset/remind/ReMIND-067/77145/89003/Preop MR 403.dcm
ReMIND-067,1.3.6.1.4.1.14519.5.2.1.17304245813226213178231451555810733978,2,US_post_dura,,,US,1,600,786,,,,,,"['DERIVED', 'PRIMARY', 'VOLUME', 'NONE']",/home/stud1/giri/projects/Dataset/remind/ReMIND-067/13090/33978/Intraop US 002.dcm
ReMIND-067,1.3.6.1.4.1.14519.5.2.1.186259999091005800045408385392077139950,2,3D_AX_T1_postcontrast,,,MR,208,256,216,"[1.00000002384216, .999999972685024]",1.0,1.0,,,"['ORIGINAL', 'PRIMARY', 'MPR']",/home/stud1/giri/projects/Dataset/remind/ReMIND-067/77145/39950/Preop MR 094.dcm
ReMIND-067,1.3.6.1.4.1.14519.5.2.1.220378814766649712003113228686099475123,301,cerebrum seg - MR ref: 3D_AX_T1_postcontrast,,,SEG,1,495,420,,,,,,"['DERIVED', 'PRIMARY']",/home/stud1/giri/projects/Dataset/remind/ReMIND-067/77145/75123/Preop SEG 002.dcm
ReMIND-067,1.3.6.1.4.1.14519.5.2.1.220524473648556167688949012151915319201,300,ventricles seg - MR ref: 3D_AX_T1_postcontrast,,,SEG,1,309,246,,,,,,"['DERIVED', 'PRIMARY']",/home/stud1/giri/projects/Dataset/remind/ReMIND-067/77145/19201/Preop SEG 004.dcm
ReMIND-067,1.3.6.1.4.1.14519.5.2.1.277832574318885515119748338388579976613,3,US_pre_imri,,,US,1,616,815,,,,,,"['DERIVED', 'PRIMARY', 'VOLUME', 'NONE']",/home/stud1/giri/projects/Dataset/remind/ReMIND-067/13090/76613/Intraop US 001.dcm
ReMIND-067,1.3.6.1.4.1.14519.5.2.1.298023871389648333184434815202905556219,1,US_pre_dura,,,US,1,597,715,,,,,,"['DERIVED', 'PRIMARY', 'VOLUME', 'NONE']",/home/stud1/giri/projects/Dataset/remind/ReMIND-067/13090/56219/Intraop US 003.dcm
ReMIND-067,1.3.6.1.4.1.14519.5.2.1.334249337994962158775827368341420231119,303,tumor seg - MR ref: 3D_AX_T1_postcontrast,,,SEG,1,46,40,,,,,,"['DERIVED', 'PRIMARY']",/home/stud1/giri/projects/Dataset/remind/ReMIND-067/77145/31119/Preop SEG 003.dcm
ReMIND-067,1.3.6.1.4.1.14519.5.2.1.334644864330120939571095278437109434591,303,tumor seg - MR ref: 3D_AX_T2_SPACE,,,SEG,1,68,43,,,,,,"['DERIVED', 'PRIMARY']",/home/stud1/giri/projects/Dataset/remind/ReMIND-067/77145/34591/Preop SEG 001.dcm
ReMIND-067,1.3.6.1.4.1.14519.5.2.1.44730140004142942299971260526243822537,5,2D_COR_T2_BLADE,,,MR,70,256,256,"[.859375045047919, .859374945523633]",2.0,1.0,,,"['ORIGINAL', 'PRIMARY', 'MPR']",/home/stud1/giri/projects/Dataset/remind/ReMIND-067/13090/22537/Intraop MR 224.dcm
ReMIND-067,1.3.6.1.4.1.14519.5.2.1.53863424720634279022171818231918066112,3,3D_AX_T2_SPACE,,,MR,192,256,256,"[.976562631193185, .976562498498843]",1.0,1.0,,,"['ORIGINAL', 'PRIMARY', 'MPR']",/home/stud1/giri/projects/Dataset/remind/ReMIND-067/77145/66112/Preop MR 303.dcm
ReMIND-068,1.3.6.1.4.1.14519.5.2.1.117571999163594859151789068728642026610,4,3D_AX_T2_SPACE,,,MR,192,256,256,"[.976562478765017, .97656257221007]",1.0,1.0,,,"['ORIGINAL', 'PRIMARY', 'MPR']",/home/stud1/giri/projects/Dataset/remind/ReMIND-068/84553/26610/Preop MR 094.dcm
ReMIND-068,1.3.6.1.4.1.14519.5.2.1.14738234542152624326742622716257611409,303,tumor seg - MR ref: 3D_AX_T1_postcontrast,,,SEG,1,29,40,,,,,,"['DERIVED', 'PRIMARY']",/home/stud1/giri/projects/Dataset/remind/ReMIND-068/84553/11409/Preop SEG 003.dcm
ReMIND-068,1.3.6.1.4.1.14519.5.2.1.167613087952836391657045151459493235888,4,2D_AX_T2_BLADE,,,MR,70,256,256,"[.859374989653746, .859374989111925]",2.0,1.0,,,"['ORIGINAL', 'PRIMARY', 'MPR']",/home/stud1/giri/projects/Dataset/remind/ReMIND-068/03639/35888/Intraop MR 224.dcm
ReMIND-068,1.3.6.1.4.1.14519.5.2.1.224585551391785342814034770720798001644,1,2D_AX_T2,,,MR,49,512,448,"[.410156260025622, .410156260959149]",3.0,1.0,,,"['ORIGINAL', 'PRIMARY', 'MPR']",/home/stud1/giri/projects/Dataset/remind/ReMIND-068/84553/01644/Preop MR 048.dcm
ReMIND-068,1.3.6.1.4.1.14519.5.2.1.229557075065638292084058876222691256603,302,previous_resection_cavity seg - MR ref: 3D_AX_T1_postcontrast,,,SEG,1,19,28,,,,,,"['DERIVED', 'PRIMARY']",/home/stud1/giri/projects/Dataset/remind/ReMIND-068/84553/56603/Preop SEG 002.dcm
ReMIND-068,1.3.6.1.4.1.14519.5.2.1.24392583542518094058163614731334234318,2,2D_AX_T2_FLAIR,,,MR,49,256,224,"[.820312486889695, .820312488175657]",3.0,1.0,,,"['ORIGINAL', 'PRIMARY', 'MPR']",/home/stud1/giri/projects/Dataset/remind/ReMIND-068/84553/34318/Preop MR 451.dcm
ReMIND-068,1.3.6.1.4.1.14519.5.2.1.260040245468030776221333602145973266796,5,3D_AX_T1_postcontrast,,,MR,176,256,256,"[1.00000001338798, .999999983714537]",1.0,1.0,,,"['ORIGINAL', 'PRIMARY', 'MPR']",/home/stud1/giri/projects/Dataset/remind/ReMIND-068/03639/66796/Intraop MR 010.dcm
ReMIND-068,1.3.6.1.4.1.14519.5.2.1.291489225438836754231426988137077372783,1,US_pre_dura,,,US,1,622,731,,,,,,"['DERIVED', 'PRIMARY', 'VOLUME', 'NONE']",/home/stud1/giri/projects/Dataset/remind/ReMIND-068/03639/72783/Intraop US 003.dcm
ReMIND-068,1.3.6.1.4.1.14519.5.2.1.319305413468122660468934451968008150663,2,US_post_dura,,,US,1,590,702,,,,,,"['DERIVED', 'PRIMARY', 'VOLUME', 'NONE']",/home/stud1/giri/projects/Dataset/remind/ReMIND-068/03639/50663/Intraop US 002.dcm
ReMIND-068,1.3.6.1.4.1.14519.5.2.1.320758467926586362385991469418346544080,3,3D_AX_T1_postcontrast,,,MR,176,256,256,"[1.00000002122003, .999999997514941]",1.0,1.0,,,"['ORIGINAL', 'PRIMARY', 'MPR']",/home/stud1/giri/projects/Dataset/remind/ReMIND-068/84553/44080/Preop MR 303.dcm
ReMIND-068,1.3.6.1.4.1.14519.5.2.1.49622273091595081386866964047914110571,300,ventricles seg - MR ref: 3D_AX_T1_postcontrast,,,SEG,1,324,225,,,,,,"['DERIVED', 'PRIMARY']",/home/stud1/giri/projects/Dataset/remind/ReMIND-068/84553/10571/Preop SEG 004.dcm
ReMIND-068,1.3.6.1.4.1.14519.5.2.1.49828382893831482903411349537210087930,3,US_pre_imri,,,US,1,617,705,,,,,,"['DERIVED', 'PRIMARY', 'VOLUME', 'NONE']",/home/stud1/giri/projects/Dataset/remind/ReMIND-068/03639/87930/Intraop US 001.dcm
ReMIND-068,1.3.6.1.4.1.14519.5.2.1.59168446486950862074728166750067299816,301,cerebrum seg - MR ref: 3D_AX_T1_postcontrast,,,SEG,1,495,384,,,,,,"['DERIVED', 'PRIMARY']",/home/stud1/giri/projects/Dataset/remind/ReMIND-068/84553/99816/Preop SEG 001.dcm
ReMIND-068,1.3.6.1.4.1.14519.5.2.1.78877057920516581951852410657504294335,305,tumor_residual seg - MR ref: 3D_AX_T1_postcontrast,,,SEG,1,40,44,,,,,,"['DERIVED', 'PRIMARY']",/home/stud1/giri/projects/Dataset/remind/ReMIND-068/03639/94335/Intraop SEG 001.dcm
ReMIND-069,1.3.6.1.4.1.14519.5.2.1.121079147964020622935450648534822964106,5,3D_SAG_T1_MP2RAGE,,,MR,176,256,240,"[.999999971485964, .999999986467838]",1.0,1.0,,,"['ORIGINAL', 'PRIMARY', 'MPR']",/home/stud1/giri/projects/Dataset/remind/ReMIND-069/66524/64106/Intraop MR 010.dcm
ReMIND-069,1.3.6.1.4.1.14519.5.2.1.144282623864891134272484511033772866281,2,US_post_dura,,,US,1,630,761,,,,,,"['DERIVED', 'PRIMARY', 'VOLUME', 'NONE']",/home/stud1/giri/projects/Dataset/remind/ReMIND-069/66524/66281/Intraop US 001.dcm
ReMIND-069,1.3.6.1.4.1.14519.5.2.1.145174331526445382480098333324585074203,5,3D_SAG_T1_MP2RAGE,,,MR,176,256,240,"[.999999982674962, .999999992206228]",1.0,1.0,,,"['ORIGINAL', 'PRIMARY', 'MPR']",/home/stud1/giri/projects/Dataset/remind/ReMIND-069/00085/74203/Preop MR 652.dcm
ReMIND-069,1.3.6.1.4.1.14519.5.2.1.173185396570380406591012536154223110144,4,3D_COR_T2_FLAIR,,,MR,200,256,256,"[1.00000001434205, .999999976148534]",1.0027,1.0,,,"['ORIGINAL', 'PRIMARY', 'MPR']",/home/stud1/giri/projects/Dataset/remind/ReMIND-069/00085/10144/Preop MR 303.dcm
ReMIND-069,1.3.6.1.4.1.14519.5.2.1.222613893507710440229541050458261611848,1,2D_COR_T2_BLADE,,,MR,201,256,256,"[.976562015328754, .976562041823167]",1.0027,1.0,,,"['ORIGINAL', 'PRIMARY', 'MPR']",/home/stud1/giri/projects/Dataset/remind/ReMIND-069/00085/11848/Preop MR 553.dcm
ReMIND-069,1.3.6.1.4.1.14519.5.2.1.273019166135905292552264016254581583508,301,cerebrum seg - MR ref: 3D_AX_T1_postcontrast,,,SEG,1,176,132,,,,,,"['DERIVED', 'PRIMARY']",/home/stud1/giri/projects/Dataset/remind/ReMIND-069/00085/83508/Preop SEG 001.dcm
ReMIND-069,1.3.6.1.4.1.14519.5.2.1.285084241576226146334176572986403860252,303,tumor seg - MR ref: 3D_COR_T2_FLAIR,,,SEG,1,20,33,,,,,,"['DERIVED', 'PRIMARY']",/home/stud1/giri/projects/Dataset/remind/ReMIND-069/00085/60252/Preop SEG 002.dcm
ReMIND-069,1.3.6.1.4.1.14519.5.2.1.291306046152467906786382608609246550609,4,2D_AX_T2_BLADE,,,MR,70,256,256,"[.859375002856653, .859375049604486]",2.0,1.0,,,"['ORIGINAL', 'PRIMARY', 'MPR']",/home/stud1/giri/projects/Dataset/remind/ReMIND-069/66524/50609/Intraop MR 373.dcm
ReMIND-069,1.3.6.1.4.1.14519.5.2.1.43455292930441804893099294540493885950,1,US_pre_dura,,,US,1,615,757,,,,,,"['DERIVED', 'PRIMARY', 'VOLUME', 'NONE']",/home/stud1/giri/projects/Dataset/remind/ReMIND-069/66524/85950/Intraop US 002.dcm
ReMIND-069,1.3.6.1.4.1.14519.5.2.1.55288256597580618022128926387214814594,2,3D_AX_T1_postcontrast,,,MR,176,256,216,"[.9765625, .9765625]",1.0,1.0,,,"['ORIGINAL', 'PRIMARY', 'MPR']",/home/stud1/giri/projects/Dataset/remind/ReMIND-069/00085/14594/Preop MR 094.dcm
ReMIND-069,1.3.6.1.4.1.14519.5.2.1.58532400976656035251143429566670410663,3,US_pre_imri,,,US,1,592,780,,,,,,"['DERIVED', 'PRIMARY', 'VOLUME', 'NONE']",/home/stud1/giri/projects/Dataset/remind/ReMIND-069/66524/10663/Intraop US 003.dcm
ReMIND-069,1.3.6.1.4.1.14519.5.2.1.84787065761216969923933787978282204179,6,3D_SAG_T2_FLAIR,,,MR,176,512,512,"[.488281250104158, .488281257999327]",1.0,1.0,,,"['ORIGINAL', 'PRIMARY', 'MPR']",/home/stud1/giri/projects/Dataset/remind/ReMIND-069/66524/04179/Intraop MR 278.dcm
ReMIND-069,1.3.6.1.4.1.14519.5.2.1.95543479799255707000869152367036989188,3,3D_AX_T2_SPACE,,,MR,192,256,256,"[.976562477835676, .97656252877085]",1.0,1.0,,,"['ORIGINAL', 'PRIMARY', 'MPR']",/home/stud1/giri/projects/Dataset/remind/ReMIND-069/00085/89188/Preop MR 868.dcm
ReMIND-070,1.3.6.1.4.1.14519.5.2.1.153402708910784810621234107269752181277,6,3D_AX_T1_postcontrast,,,MR,176,256,256,"[1.00000001891644, 1.00000002439222]",1.0,1.0,,,"['ORIGINAL', 'PRIMARY', 'MPR']",/home/stud1/giri/projects/Dataset/remind/ReMIND-070/86902/81277/Intraop MR 224.dcm
ReMIND-070,1.3.6.1.4.1.14519.5.2.1.183504882236809602167690388015853405680,5,2D_COR_T2_BLADE,,,MR,70,256,256,"[.859375000142274, .859375008208874]",3.0,1.0,,,"['ORIGINAL', 'PRIMARY', 'MPR']",/home/stud1/giri/projects/Dataset/remind/ReMIND-070/86902/05680/Intraop MR 010.dcm
ReMIND-070,1.3.6.1.4.1.14519.5.2.1.214152662951151120853356559439415071965,1,US_pre_dura,,,US,1,702,748,,,,,,"['DERIVED', 'PRIMARY', 'VOLUME', 'NONE']",/home/stud1/giri/projects/Dataset/remind/ReMIND-070/86902/71965/Intraop US 001.dcm
ReMIND-070,1.3.6.1.4.1.14519.5.2.1.219575283312728948373363517126497609316,4,2D_AX_T2_BLADE,,,MR,70,256,256,"[.859374987046442, .859375011656966]",2.0,1.0,,,"['ORIGINAL', 'PRIMARY', 'MPR']",/home/stud1/giri/projects/Dataset/remind/ReMIND-070/86902/09316/Intraop MR 278.dcm
ReMIND-070,1.3.6.1.4.1.14519.5.2.1.238570758044644687837230574776355803690,302,previous_resection_cavity seg - MR ref: 3D_AX_T1_postcontrast,,,SEG,1,28,33,,,,,,"['DERIVED', 'PRIMARY']",/home/stud1/giri/projects/Dataset/remind/ReMIND-070/41906/03690/Preop SEG 003.dcm
ReMIND-070,1.3.6.1.4.1.14519.5.2.1.239609676723150444607263007904327842405,2,2D_AX_T2_FLAIR,,,MR,36,320,280,"[.687500032683716, .687500058740454]",5.0,1.0,,,"['ORIGINAL', 'PRIMARY', 'MPR']",/home/stud1/giri/projects/Dataset/remind/ReMIND-070/41906/42405/Preop MR 230.dcm
ReMIND-070,1.3.6.1.4.1.14519.5.2.1.247460164937707504762812293785901974701,3,US_pre_imri,,,US,1,687,789,,,,,,"['DERIVED', 'PRIMARY', 'VOLUME', 'NONE']",/home/stud1/giri/projects/Dataset/remind/ReMIND-070/86902/74701/Intraop US 003.dcm
ReMIND-070,1.3.6.1.4.1.14519.5.2.1.258196686848965947512219568762226560588,1,2D_AX_T2,,,MR,36,896,784,"[.245535719735766, .245535716012118]",5.0,1.0,,,"['ORIGINAL', 'PRIMARY', 'MPR']",/home/stud1/giri/projects/Dataset/remind/ReMIND-070/41906/60588/Preop MR 035.dcm
ReMIND-070,1.3.6.1.4.1.14519.5.2.1.275289641178487814452157273483643191908,3,3D_AX_T1_postcontrast,,,MR,192,256,216,"[.976562478088872, .976562582384171]",1.0,1.0,,,"['ORIGINAL', 'PRIMARY', 'MPR']",/home/stud1/giri/projects/Dataset/remind/ReMIND-070/41906/91908/Preop MR 094.dcm
ReMIND-070,1.3.6.1.4.1.14519.5.2.1.279282702054194111341235994585331135061,2,US_post_dura,,,US,1,639,777,,,,,,"['DERIVED', 'PRIMARY', 'VOLUME', 'NONE']",/home/stud1/giri/projects/Dataset/remind/ReMIND-070/86902/35061/Intraop US 002.dcm
ReMIND-070,1.3.6.1.4.1.14519.5.2.1.282438569669838548048265296207671831071,300,ventricles seg - MR ref: 3D_AX_T1_postcontrast,,,SEG,1,273,202,,,,,,"['DERIVED', 'PRIMARY']",/home/stud1/giri/projects/Dataset/remind/ReMIND-070/41906/31071/Preop SEG 002.dcm
ReMIND-070,1.3.6.1.4.1.14519.5.2.1.330825812272592567423579104877887868333,305,tumor_residual seg - MR ref: 3D_AX_T1_postcontrast,,,SEG,1,18,14,,,,,,"['DERIVED', 'PRIMARY']",/home/stud1/giri/projects/Dataset/remind/ReMIND-070/86902/68333/Intraop SEG 001.dcm
ReMIND-070,1.3.6.1.4.1.14519.5.2.1.39392280199433613616651785150764774894,303,tumor seg - MR ref: 3D_AX_T1_postcontrast,,,SEG,1,85,71,,,,,,"['DERIVED', 'PRIMARY']",/home/stud1/giri/projects/Dataset/remind/ReMIND-070/41906/74894/Preop SEG 004.dcm
ReMIND-070,1.3.6.1.4.1.14519.5.2.1.81935078853291895335468016575278855259,301,cerebrum seg - MR ref: 3D_AX_T1_postcontrast,,,SEG,1,436,361,,,,,,"['DERIVED', 'PRIMARY']",/home/stud1/giri/projects/Dataset/remind/ReMIND-070/41906/55259/Preop SEG 001.dcm
ReMIND-071,1.3.6.1.4.1.14519.5.2.1.110514620157646042785025111653014961526,301,cerebrum seg - MR ref: 3D_AX_T1_postcontrast,,,SEG,1,377,308,,,,,,"['DERIVED', 'PRIMARY']",/home/stud1/giri/projects/Dataset/remind/ReMIND-071/44230/61526/Preop SEG 002.dcm
ReMIND-071,1.3.6.1.4.1.14519.5.2.1.118941804538530177538219305482433220654,3,3D_AX_T2_SPACE,,,MR,192,256,256,"[.97656247614878, .976562528495119]",1.0,1.0,,,"['ORIGINAL', 'PRIMARY', 'MPR']",/home/stud1/giri/projects/Dataset/remind/ReMIND-071/44230/20654/Preop MR 094.dcm
ReMIND-071,1.3.6.1.4.1.14519.5.2.1.167703976404905104498806180774729109305,1,2D_AX_T2,,,MR,29,512,384,"[.449218745862513, .449218753339204]",6.0,1.0,,,"['ORIGINAL', 'PRIMARY', 'MPR']",/home/stud1/giri/projects/Dataset/remind/ReMIND-071/44230/09305/Preop MR 012.dcm
ReMIND-071,1.3.6.1.4.1.14519.5.2.1.203671134224030110016441970386320823372,303,tumor seg - MR ref: 3D_AX_T1_postcontrast,,,SEG,1,126,99,,,,,,"['DERIVED', 'PRIMARY']",/home/stud1/giri/projects/Dataset/remind/ReMIND-071/44230/23372/Preop SEG 001.dcm
ReMIND-071,1.3.6.1.4.1.14519.5.2.1.229590902895356960505760044243207464046,3,US_pre_imri,,,US,1,635,794,,,,,,"['DERIVED', 'PRIMARY', 'VOLUME', 'NONE']",/home/stud1/giri/projects/Dataset/remind/ReMIND-071/90639/64046/Intraop US 003.dcm
ReMIND-071,1.3.6.1.4.1.14519.5.2.1.235927792943689753697813290016191389900,2,3D_AX_T1_postcontrast,,,MR,176,512,432,"[.449218792542682, .449218747164945]",1.0,1.0,,,"['ORIGINAL', 'PRIMARY', 'MPR']",/home/stud1/giri/projects/Dataset/remind/ReMIND-071/44230/89900/Preop MR 303.dcm
ReMIND-071,1.3.6.1.4.1.14519.5.2.1.260221168847769957293163751618253312207,2,US_post_dura,,,US,1,594,725,,,,,,"['DERIVED', 'PRIMARY', 'VOLUME', 'NONE']",/home/stud1/giri/projects/Dataset/remind/ReMIND-071/90639/12207/Intraop US 001.dcm
ReMIND-071,1.3.6.1.4.1.14519.5.2.1.266111409255658496192325856533850478538,4,2D_AX_T2_BLADE,,,MR,70,256,256,"[.859375020389359, .859374990503546]",2.0,1.0,,,"['ORIGINAL', 'PRIMARY', 'MPR']",/home/stud1/giri/projects/Dataset/remind/ReMIND-071/90639/78538/Intraop MR 224.dcm
ReMIND-071,1.3.6.1.4.1.14519.5.2.1.301836038848576378796940929163865782384,305,tumor_residual seg - MR ref: 3D_AX_T1_postcontrast,,,SEG,1,12,11,,,,,,"['DERIVED', 'PRIMARY']",/home/stud1/giri/projects/Dataset/remind/ReMIND-071/90639/82384/Intraop SEG 001.dcm
ReMIND-071,1.3.6.1.4.1.14519.5.2.1.324672383395917484611347267939458962066,5,3D_AX_T1_postcontrast,,,MR,176,256,256,"[1.00000002680299, .999999985101546]",1.0,1.0,,,"['ORIGINAL', 'PRIMARY', 'MPR']",/home/stud1/giri/projects/Dataset/remind/ReMIND-071/90639/62066/Intraop MR 010.dcm
ReMIND-071,1.3.6.1.4.1.14519.5.2.1.84896421488715273882746555798643539981,1,US_pre_dura,,,US,1,615,754,,,,,,"['DERIVED', 'PRIMARY', 'VOLUME', 'NONE']",/home/stud1/giri/projects/Dataset/remind/ReMIND-071/90639/39981/Intraop US 002.dcm
ReMIND-072,1.3.6.1.4.1.14519.5.2.1.115651935828342562135542299724466147229,5,2D_AX_T2_FLAIR,,,MR,74,512,512,"[.42968749065458, .429687501025338]",3.3,1.0,,,"['ORIGINAL', 'PRIMARY', 'MPR']",/home/stud1/giri/projects/Dataset/remind/ReMIND-072/18652/47229/Intraop MR 278.dcm
ReMIND-072,1.3.6.1.4.1.14519.5.2.1.132817371041813580237890536049394687930,2,US_post_dura,,,US,1,660,738,,,,,,"['DERIVED', 'PRIMARY', 'VOLUME', 'NONE']",/home/stud1/giri/projects/Dataset/remind/ReMIND-072/18652/87930/Intraop US 002.dcm
ReMIND-072,1.3.6.1.4.1.14519.5.2.1.173326043885960344831621921621705051980,300,ventricles seg - MR ref: 3D_AX_T1_postcontrast,,,SEG,1,290,200,,,,,,"['DERIVED', 'PRIMARY']",/home/stud1/giri/projects/Dataset/remind/ReMIND-072/97572/51980/Preop SEG 001.dcm
ReMIND-072,1.3.6.1.4.1.14519.5.2.1.176950995434134956033027889044089707198,303,tumor seg - MR ref: 3D_AX_T1_postcontrast,,,SEG,1,48,37,,,,,,"['DERIVED', 'PRIMARY']",/home/stud1/giri/projects/Dataset/remind/ReMIND-072/97572/07198/Preop SEG 002.dcm
ReMIND-072,1.3.6.1.4.1.14519.5.2.1.199156692830555623532762358588586461966,301,cerebrum seg - MR ref: 3D_AX_T1_postcontrast,,,SEG,1,464,356,,,,,,"['DERIVED', 'PRIMARY']",/home/stud1/giri/projects/Dataset/remind/ReMIND-072/97572/61966/Preop SEG 003.dcm
ReMIND-072,1.3.6.1.4.1.14519.5.2.1.204887039132381745747451601215537672650,6,3D_AX_T1_postcontrast,,,MR,176,256,256,"[1.0000000162081, .999999974206927]",1.0,1.0,,,"['ORIGINAL', 'PRIMARY', 'MPR']",/home/stud1/giri/projects/Dataset/remind/ReMIND-072/18652/72650/Intraop MR 010.dcm
ReMIND-072,1.3.6.1.4.1.14519.5.2.1.247196032451842080867985354921567060035,4,2D_AX_T2_BLADE,,,MR,70,256,256,"[.859375067903509, .859374984274199]",2.0,1.0,,,"['ORIGINAL', 'PRIMARY', 'MPR']",/home/stud1/giri/projects/Dataset/remind/ReMIND-072/18652/60035/Intraop MR 224.dcm
ReMIND-072,1.3.6.1.4.1.14519.5.2.1.27213071952127469381195472973034217536,3,US_pre_imri,,,US,1,621,734,,,,,,"['DERIVED', 'PRIMARY', 'VOLUME', 'NONE']",/home/stud1/giri/projects/Dataset/remind/ReMIND-072/18652/17536/Intraop US 001.dcm
ReMIND-072,1.3.6.1.4.1.14519.5.2.1.28166967928563157326499158541125396711,3,3D_AX_T1_postcontrast,,,MR,192,256,216,"[1.01562505228156, 1.01562506200243]",1.0,1.0,,,"['ORIGINAL', 'PRIMARY', 'MPR']",/home/stud1/giri/projects/Dataset/remind/ReMIND-072/97572/96711/Preop MR 303.dcm
ReMIND-072,1.3.6.1.4.1.14519.5.2.1.308114331686160289123454711083554466197,4,3D_AX_T2_SPACE,,,MR,192,256,256,"[.976562544741366, .976562503628516]",1.0,1.0,,,"['ORIGINAL', 'PRIMARY', 'MPR']",/home/stud1/giri/projects/Dataset/remind/ReMIND-072/97572/66197/Preop MR 094.dcm
ReMIND-072,1.3.6.1.4.1.14519.5.2.1.81227543806326292588757826803310097553,1,2D_AX_T2,,,MR,30,896,784,"[.234375020557653, .234375014383274]",5.0,1.0,,,"['ORIGINAL', 'PRIMARY', 'MPR']",/home/stud1/giri/projects/Dataset/remind/ReMIND-072/97572/97553/Preop MR 208.dcm
ReMIND-072,1.3.6.1.4.1.14519.5.2.1.94942864670715287209306554109917324927,2,2D_AX_T2_FLAIR,,,MR,30,320,280,"[.687500031548085, .687500002089892]",5.0,1.0,,,"['ORIGINAL', 'PRIMARY', 'MPR']",/home/stud1/giri/projects/Dataset/remind/ReMIND-072/97572/24927/Preop MR 230.dcm
ReMIND-073,1.3.6.1.4.1.14519.5.2.1.103328445951683234049254159368168709490,3,3D_AX_T1_postcontrast,,,MR,192,256,208,"[.976562557642617, .976562479870176]",1.0,1.0,,,"['ORIGINAL', 'PRIMARY', 'MPR']",/home/stud1/giri/projects/Dataset/remind/ReMIND-073/00917/09490/Preop MR 094.dcm
ReMIND-073,1.3.6.1.4.1.14519.5.2.1.104265189145302005915152671806386388650,305,tumor_residual seg - MR ref: 3D_AX_T1_postcontrast,,,SEG,1,35,29,,,,,,"['DERIVED', 'PRIMARY']",/home/stud1/giri/projects/Dataset/remind/ReMIND-073/22999/88650/Intraop SEG 001.dcm
ReMIND-073,1.3.6.1.4.1.14519.5.2.1.126830707262423308400983585434298300972,1,2D_AX_T2,,,MR,30,896,784,"[.234375017166754, .234375013661762]",5.0,1.0,,,"['ORIGINAL', 'PRIMARY', 'MPR']",/home/stud1/giri/projects/Dataset/remind/ReMIND-073/00917/00972/Preop MR 048.dcm
ReMIND-073,1.3.6.1.4.1.14519.5.2.1.134907924655776930668138447207827699710,301,cerebrum seg - MR ref: 3D_AX_T1_postcontrast,,,SEG,1,328,270,,,,,,"['DERIVED', 'PRIMARY']",/home/stud1/giri/projects/Dataset/remind/ReMIND-073/00917/99710/Preop SEG 002.dcm
ReMIND-073,1.3.6.1.4.1.14519.5.2.1.180055292516038004336806808210250192974,4,2D_AX_T2_BLADE,,,MR,70,256,256,"[.859374985507066, .859375006688174]",2.0,1.0,,,"['ORIGINAL', 'PRIMARY', 'MPR']",/home/stud1/giri/projects/Dataset/remind/ReMIND-073/22999/92974/Intraop MR 010.dcm
ReMIND-073,1.3.6.1.4.1.14519.5.2.1.25864243976479127831535345094677479396,3,US_pre_imri,,,US,1,737,809,,,,,,"['DERIVED', 'PRIMARY', 'VOLUME', 'NONE']",/home/stud1/giri/projects/Dataset/remind/ReMIND-073/22999/79396/Intraop US 002.dcm
ReMIND-073,1.3.6.1.4.1.14519.5.2.1.285477732852748561678514777934103182640,2,2D_AX_T2_FLAIR,,,MR,30,320,260,"[.656250013339704, .656250086386612]",5.0,1.0,,,"['ORIGINAL', 'PRIMARY', 'MPR']",/home/stud1/giri/projects/Dataset/remind/ReMIND-073/00917/82640/Preop MR 012.dcm
ReMIND-073,1.3.6.1.4.1.14519.5.2.1.287224369460297948611829332127815220393,300,ventricles seg - MR ref: 3D_AX_T1_postcontrast,,,SEG,1,210,156,,,,,,"['DERIVED', 'PRIMARY']",/home/stud1/giri/projects/Dataset/remind/ReMIND-073/00917/20393/Preop SEG 003.dcm
ReMIND-073,1.3.6.1.4.1.14519.5.2.1.304260396086305622032431111857364237463,2,US_post_dura,,,US,1,796,831,,,,,,"['DERIVED', 'PRIMARY', 'VOLUME', 'NONE']",/home/stud1/giri/projects/Dataset/remind/ReMIND-073/22999/37463/Intraop US 001.dcm
ReMIND-073,1.3.6.1.4.1.14519.5.2.1.50196044378417893234923451474379363354,5,3D_AX_T1_postcontrast,,,MR,176,256,256,"[1.00000002180446, .999999992823787]",1.0,1.0,,,"['ORIGINAL', 'PRIMARY', 'MPR']",/home/stud1/giri/projects/Dataset/remind/ReMIND-073/22999/63354/Intraop MR 224.dcm
ReMIND-073,1.3.6.1.4.1.14519.5.2.1.60645623047535470329781445167031091572,302,previous_resection_cavity seg - MR ref: 3D_AX_T1_postcontrast,,,SEG,1,39,20,,,,,,"['DERIVED', 'PRIMARY']",/home/stud1/giri/projects/Dataset/remind/ReMIND-073/00917/91572/Preop SEG 004.dcm
ReMIND-073,1.3.6.1.4.1.14519.5.2.1.76573806376336912088080298235609093051,303,tumor seg - MR ref: 3D_AX_T1_postcontrast,,,SEG,1,51,49,,,,,,"['DERIVED', 'PRIMARY']",/home/stud1/giri/projects/Dataset/remind/ReMIND-073/00917/93051/Preop SEG 001.dcm
ReMIND-074,1.3.6.1.4.1.14519.5.2.1.102637703339152318956660073074222016222,303,tumor seg - MR ref: 3D_AX_T2_SPACE,,,SEG,1,80,52,,,,,,"['DERIVED', 'PRIMARY']",/home/stud1/giri/projects/Dataset/remind/ReMIND-074/89000/16222/Preop SEG 003.dcm
ReMIND-074,1.3.6.1.4.1.14519.5.2.1.107831524909902923958828461262471820248,1,US_pre_dura,,,US,1,609,795,,,,,,"['DERIVED', 'PRIMARY', 'VOLUME', 'NONE']",/home/stud1/giri/projects/Dataset/remind/ReMIND-074/63381/20248/Intraop US 001.dcm
ReMIND-074,1.3.6.1.4.1.14519.5.2.1.124113528162683681564770555016026629183,7,3D_AX_T1_precontrast,,,MR,176,256,256,"[.999999987310731, .999999996276938]",1.2,1.0,,,"['ORIGINAL', 'PRIMARY', 'MPR']",/home/stud1/giri/projects/Dataset/remind/ReMIND-074/63381/29183/Intraop MR 010.dcm
ReMIND-074,1.3.6.1.4.1.14519.5.2.1.137573719512017728711522468224067249566,300,ventricles seg - MR ref: 3D_AX_T1_postcontrast,,,SEG,1,117,77,,,,,,"['DERIVED', 'PRIMARY']",/home/stud1/giri/projects/Dataset/remind/ReMIND-074/89000/49566/Preop SEG 004.dcm
ReMIND-074,1.3.6.1.4.1.14519.5.2.1.173198407789261215607384205793257200782,1,2D_AX_T2,,,MR,32,896,784,"[.2343750003342, .234375000870041]",5.0,1.0,,,"['ORIGINAL', 'PRIMARY', 'MPR']",/home/stud1/giri/projects/Dataset/remind/ReMIND-074/89000/00782/Preop MR 372.dcm
ReMIND-074,1.3.6.1.4.1.14519.5.2.1.186556281975523138695265833650470558641,6,2D_COR_T2_FLAIR,,,MR,74,512,512,"[.429687497619486, .429687537131972]",3.3,1.0,,,"['ORIGINAL', 'PRIMARY', 'MPR']",/home/stud1/giri/projects/Dataset/remind/ReMIND-074/63381/58641/Intraop MR 278.dcm
ReMIND-074,1.3.6.1.4.1.14519.5.2.1.213993302331340072145783264202966033602,2,3D_AX_T1_postcontrast,,,MR,176,256,216,"[.976562484927984, .976562635348883]",1.0,1.0,,,"['ORIGINAL', 'PRIMARY', 'MPR']",/home/stud1/giri/projects/Dataset/remind/ReMIND-074/89000/33602/Preop MR 303.dcm
ReMIND-074,1.3.6.1.4.1.14519.5.2.1.218020757509448820530672877123091440908,2,US_post_dura,,,US,1,638,813,,,,,,"['DERIVED', 'PRIMARY', 'VOLUME', 'NONE']",/home/stud1/giri/projects/Dataset/remind/ReMIND-074/63381/40908/Intraop US 003.dcm
ReMIND-074,1.3.6.1.4.1.14519.5.2.1.238832643387380992238124286398505184246,305,tumor_residual seg - MR ref: 2D_AX_T2_FLAIR,,,SEG,1,175,105,,,,,,"['DERIVED', 'PRIMARY']",/home/stud1/giri/projects/Dataset/remind/ReMIND-074/63381/84246/Intraop SEG 001.dcm
ReMIND-074,1.3.6.1.4.1.14519.5.2.1.256244424638062944875982387410496785552,4,2D_AX_T2_BLADE,,,MR,70,256,256,"[.859375046444355, .859375011218758]",2.0,1.0,,,"['ORIGINAL', 'PRIMARY', 'MPR']",/home/stud1/giri/projects/Dataset/remind/ReMIND-074/63381/85552/Intraop MR 224.dcm
ReMIND-074,1.3.6.1.4.1.14519.5.2.1.260263051616109556448325239880325593783,301,cerebrum seg - MR ref: 3D_AX_T1_postcontrast,,,SEG,1,612,443,,,,,,"['DERIVED', 'PRIMARY']",/home/stud1/giri/projects/Dataset/remind/ReMIND-074/89000/93783/Preop SEG 001.dcm
ReMIND-074,1.3.6.1.4.1.14519.5.2.1.264517361661115846114628431275059491331,3,US_pre_imri,,,US,1,596,711,,,,,,"['DERIVED', 'PRIMARY', 'VOLUME', 'NONE']",/home/stud1/giri/projects/Dataset/remind/ReMIND-074/63381/91331/Intraop US 002.dcm
ReMIND-074,1.3.6.1.4.1.14519.5.2.1.337300668600046563770547192793378622197,5,2D_AX_T2_FLAIR,,,MR,74,512,512,"[.429687536954122, .429687488599123]",3.3,1.0,,,"['ORIGINAL', 'PRIMARY', 'MPR']",/home/stud1/giri/projects/Dataset/remind/ReMIND-074/63381/22197/Intraop MR 373.dcm
ReMIND-074,1.3.6.1.4.1.14519.5.2.1.3775554835790139819987122336267408402,3,3D_AX_T2_SPACE,,,MR,192,256,256,"[.976562490710082, .976562571228785]",1.0,1.0,,,"['ORIGINAL', 'PRIMARY', 'MPR']",/home/stud1/giri/projects/Dataset/remind/ReMIND-074/89000/08402/Preop MR 094.dcm
ReMIND-074,1.3.6.1.4.1.14519.5.2.1.91353359083824540699470586663983708532,303,tumor seg - MR ref: 3D_AX_T1_postcontrast,,,SEG,1,36,22,,,,,,"['DERIVED', 'PRIMARY']",/home/stud1/giri/projects/Dataset/remind/ReMIND-074/89000/08532/Preop SEG 002.dcm
ReMIND-076,1.3.6.1.4.1.14519.5.2.1.115034330112556151543972357793504034380,6,3D_SAG_T2_FLAIR,,,MR,176,512,512,"[.488281291128401, .48828125646119]",1.0,1.0,,,"['ORIGINAL', 'PRIMARY', 'MPR']",/home/stud1/giri/projects/Dataset/remind/ReMIND-076/94958/34380/Intraop MR 278.dcm
ReMIND-076,1.3.6.1.4.1.14519.5.2.1.1246251151359870897359153934181699504,303,tumor seg - MR ref: 3D_SAG_T2_FLAIR,,,SEG,1,73,60,,,,,,"['DERIVED', 'PRIMARY']",/home/stud1/giri/projects/Dataset/remind/ReMIND-076/10184/99504/Preop SEG 004.dcm
ReMIND-076,1.3.6.1.4.1.14519.5.2.1.127874067627582080858079534315639472178,1,US_pre_dura,,,US,1,579,836,,,,,,"['DERIVED', 'PRIMARY', 'VOLUME', 'NONE']",/home/stud1/giri/projects/Dataset/remind/ReMIND-076/94958/72178/Intraop US 001.dcm
ReMIND-076,1.3.6.1.4.1.14519.5.2.1.143318714765332398012850923968188478253,3,3D_SAG_T2_FLAIR,,,MR,176,256,256,"[1, 1]",1.0,1.0,,,"['ORIGINAL', 'PRIMARY', 'MPR']",/home/stud1/giri/projects/Dataset/remind/ReMIND-076/10184/78253/Preop MR 094.dcm
ReMIND-076,1.3.6.1.4.1.14519.5.2.1.150301671335807462884599147912073295112,4,2D_AX_T2_BLADE,,,MR,70,256,256,"[.859375001814344, .859374985304758]",2.0,1.0,,,"['ORIGINAL', 'PRIMARY', 'MPR']",/home/stud1/giri/projects/Dataset/remind/ReMIND-076/94958/95112/Intraop MR 010.dcm
ReMIND-076,1.3.6.1.4.1.14519.5.2.1.163706581109954361893703137631585202051,301,cerebrum seg - MR ref: 3D_AX_T1_postcontrast,,,SEG,1,507,399,,,,,,"['DERIVED', 'PRIMARY']",/home/stud1/giri/projects/Dataset/remind/ReMIND-076/10184/02051/Preop SEG 003.dcm
ReMIND-076,1.3.6.1.4.1.14519.5.2.1.219792623239821547582717064150686876473,300,ventricles seg - MR ref: 3D_AX_T1_postcontrast,,,SEG,1,327,231,,,,,,"['DERIVED', 'PRIMARY']",/home/stud1/giri/projects/Dataset/remind/ReMIND-076/10184/76473/Preop SEG 002.dcm
ReMIND-076,1.3.6.1.4.1.14519.5.2.1.226396049183449404368180406083739678067,3,US_pre_imri,,,US,1,600,774,,,,,,"['DERIVED', 'PRIMARY', 'VOLUME', 'NONE']",/home/stud1/giri/projects/Dataset/remind/ReMIND-076/94958/78067/Intraop US 002.dcm
ReMIND-076,1.3.6.1.4.1.14519.5.2.1.247532324233925311142354725172668214093,1,3D_AX_T1_postcontrast,,,MR,192,256,256,"[.999999972678203, 1.00000000393715]",1.0,1.0,,,"['ORIGINAL', 'PRIMARY', 'MPR']",/home/stud1/giri/projects/Dataset/remind/ReMIND-076/10184/14093/Preop MR 303.dcm
ReMIND-076,1.3.6.1.4.1.14519.5.2.1.283722033376795947702837897044828626839,305,tumor_residual seg - MR ref: 3D_SAG_T2_FLAIR,,,SEG,1,62,88,,,,,,"['DERIVED', 'PRIMARY']",/home/stud1/giri/projects/Dataset/remind/ReMIND-076/94958/26839/Intraop SEG 001.dcm
ReMIND-076,1.3.6.1.4.1.14519.5.2.1.316117087502032373163666773827373143444,304,tumor_target seg - MR ref: 3D_SAG_T2_FLAIR,,,SEG,1,65,59,,,,,,"['DERIVED', 'PRIMARY']",/home/stud1/giri/projects/Dataset/remind/ReMIND-076/10184/43444/Preop SEG 001.dcm
ReMIND-076,1.3.6.1.4.1.14519.5.2.1.331791577223729390110710721523746322798,5,2D_SAG_T2_BLADE,,,MR,70,256,256,"[.859374972144798, .859375013224515]",2.0,1.0,,,"['ORIGINAL', 'PRIMARY', 'MPR']",/home/stud1/giri/projects/Dataset/remind/ReMIND-076/94958/22798/Intraop MR 138.dcm
ReMIND-076,1.3.6.1.4.1.14519.5.2.1.39175516848614723161060617217412316505,2,US_post_dura,,,US,1,652,895,,,,,,"['DERIVED', 'PRIMARY', 'VOLUME', 'NONE']",/home/stud1/giri/projects/Dataset/remind/ReMIND-076/94958/16505/Intraop US 003.dcm
ReMIND-076,1.3.6.1.4.1.14519.5.2.1.55600667989351189308855813976480073625,2,3D_AX_T2_SPACE,,,MR,176,256,256,"[.976562484270671, .976562510993973]",1.0,1.0,,,"['ORIGINAL', 'PRIMARY', 'MPR']",/home/stud1/giri/projects/Dataset/remind/ReMIND-076/10184/73625/Preop MR 372.dcm
ReMIND-077,1.3.6.1.4.1.14519.5.2.1.183214888300809301633803545646311106298,305,tumor_residual seg - MR ref: 3D_SAG_T2_FLAIR,,,SEG,1,32,25,,,,,,"['DERIVED', 'PRIMARY']",/home/stud1/giri/projects/Dataset/remind/ReMIND-077/01011/06298/Intraop SEG 002.dcm
ReMIND-077,1.3.6.1.4.1.14519.5.2.1.184610631104232448473604269296422597206,2,3D_AX_T2_SPACE,,,MR,192,256,256,"[.976562512533993, .976562472566152]",1.0,1.0,,,"['ORIGINAL', 'PRIMARY', 'MPR']",/home/stud1/giri/projects/Dataset/remind/ReMIND-077/68266/97206/Preop MR 303.dcm
ReMIND-077,1.3.6.1.4.1.14519.5.2.1.185399344805272979461826487900062501076,1,US_pre_dura,,,US,1,574,732,,,,,,"['DERIVED', 'PRIMARY', 'VOLUME', 'NONE']",/home/stud1/giri/projects/Dataset/remind/ReMIND-077/01011/01076/Intraop US 001.dcm
ReMIND-077,1.3.6.1.4.1.14519.5.2.1.201373486854854520117667217919119498945,303,tumor seg - MR ref: 3D_AX_T1_postcontrast,,,SEG,1,16,12,,,,,,"['DERIVED', 'PRIMARY']",/home/stud1/giri/projects/Dataset/remind/ReMIND-077/68266/98945/Preop SEG 006.dcm
ReMIND-077,1.3.6.1.4.1.14519.5.2.1.239690955306624011165822292344734100147,304,tumor_target seg - MR ref: 3D_SAG_T2_FLAIR,,,SEG,1,27,32,,,,,,"['DERIVED', 'PRIMARY']",/home/stud1/giri/projects/Dataset/remind/ReMIND-077/68266/00147/Preop SEG 005.dcm
ReMIND-077,1.3.6.1.4.1.14519.5.2.1.246115315744999783240455078644679292931,303,tumor seg - MR ref: 3D_SAG_T2_FLAIR,,,SEG,1,38,42,,,,,,"['DERIVED', 'PRIMARY']",/home/stud1/giri/projects/Dataset/remind/ReMIND-077/68266/92931/Preop SEG 003.dcm
ReMIND-077,1.3.6.1.4.1.14519.5.2.1.271140503985507955068260265737186455005,302,previous_resection_cavity seg - MR ref: 3D_AX_T1_postcontrast,,,SEG,1,27,32,,,,,,"['DERIVED', 'PRIMARY']",/home/stud1/giri/projects/Dataset/remind/ReMIND-077/68266/55005/Preop SEG 002.dcm
ReMIND-077,1.3.6.1.4.1.14519.5.2.1.27883738611699995208009468738479523057,305,tumor_residual seg - MR ref: 3D_AX_T1_postcontrast,,,SEG,1,11,10,,,,,,"['DERIVED', 'PRIMARY']",/home/stud1/giri/projects/Dataset/remind/ReMIND-077/01011/23057/Intraop SEG 001.dcm
ReMIND-077,1.3.6.1.4.1.14519.5.2.1.323546340195270422446158386455470169826,3,US_pre_imri,,,US,1,564,730,,,,,,"['DERIVED', 'PRIMARY', 'VOLUME', 'NONE']",/home/stud1/giri/projects/Dataset/remind/ReMIND-077/01011/69826/Intraop US 003.dcm
ReMIND-077,1.3.6.1.4.1.14519.5.2.1.56892590000995240447339741669548708911,301,cerebrum seg - MR ref: 3D_AX_T1_postcontrast,,,SEG,1,342,270,,,,,,"['DERIVED', 'PRIMARY']",/home/stud1/giri/projects/Dataset/remind/ReMIND-077/68266/08911/Preop SEG 004.dcm
ReMIND-077,1.3.6.1.4.1.14519.5.2.1.59124390214732027695929864963030918393,300,ventricles seg - MR ref: 3D_AX_T1_postcontrast,,,SEG,1,206,150,,,,,,"['DERIVED', 'PRIMARY']",/home/stud1/giri/projects/Dataset/remind/ReMIND-077/68266/18393/Preop SEG 001.dcm
ReMIND-077,1.3.6.1.4.1.14519.5.2.1.61426382609511041649169341874400997874,5,3D_AX_T1_postcontrast,,,MR,176,256,256,"[.999999974854943, .999999983837686]",1.0,1.0,,,"['ORIGINAL', 'PRIMARY', 'MPR']",/home/stud1/giri/projects/Dataset/remind/ReMIND-077/01011/97874/Intraop MR 373.dcm
ReMIND-077,1.3.6.1.4.1.14519.5.2.1.68245980492058250311319670235175718037,2,US_post_dura,,,US,1,574,702,,,,,,"['DERIVED', 'PRIMARY', 'VOLUME', 'NONE']",/home/stud1/giri/projects/Dataset/remind/ReMIND-077/01011/18037/Intraop US 002.dcm
ReMIND-077,1.3.6.1.4.1.14519.5.2.1.73344038963275506624389793019043774422,3,3D_SAG_T2_FLAIR,,,MR,176,256,256,"[1, 1]",1.0,1.0,,,"['ORIGINAL', 'PRIMARY', 'MPR']",/home/stud1/giri/projects/Dataset/remind/ReMIND-077/68266/74422/Preop MR 553.dcm
ReMIND-077,1.3.6.1.4.1.14519.5.2.1.74656331281011930915611446233606666636,6,3D_SAG_T2_FLAIR,,,MR,160,512,512,"[.488281245681204, .488281287363219]",1.0,1.0,,,"['ORIGINAL', 'PRIMARY', 'MPR']",/home/stud1/giri/projects/Dataset/remind/ReMIND-077/01011/66636/Intraop MR 010.dcm
ReMIND-077,1.3.6.1.4.1.14519.5.2.1.95999266635725815563734913039144623075,1,3D_AX_T1_postcontrast,,,MR,192,256,216,"[.976562492654147, .976562586713502]",1.0,1.0,,,"['ORIGINAL', 'PRIMARY', 'MPR']",/home/stud1/giri/projects/Dataset/remind/ReMIND-077/68266/23075/Preop MR 094.dcm
ReMIND-077,1.3.6.1.4.1.14519.5.2.1.96462426378942719258406932477869377555,4,2D_AX_T2_BLADE,,,MR,70,256,256,"[.85937498098964, .859375011726489]",2.0,1.0,,,"['ORIGINAL', 'PRIMARY', 'MPR']",/home/stud1/giri/projects/Dataset/remind/ReMIND-077/01011/77555/Intraop MR 224.dcm
ReMIND-078,1.3.6.1.4.1.14519.5.2.1.103662402822620145520851954150950875168,2,US_post_dura,,,US,1,562,688,,,,,,"['DERIVED', 'PRIMARY', 'VOLUME', 'NONE']",/home/stud1/giri/projects/Dataset/remind/ReMIND-078/94597/75168/Intraop US 002.dcm
ReMIND-078,1.3.6.1.4.1.14519.5.2.1.183090451503292619562022685645895041868,2,3D_AX_T1_postcontrast,,,MR,168,256,224,"[.999999974226859, 1.00000002159678]",1.0,1.0,,,"['ORIGINAL', 'PRIMARY', 'MPR']",/home/stud1/giri/projects/Dataset/remind/ReMIND-078/22920/41868/Preop MR 303.dcm
ReMIND-078,1.3.6.1.4.1.14519.5.2.1.19474448156285664957575304313701941995,301,cerebrum seg - MR ref: 3D_AX_T1_postcontrast,,,SEG,1,498,375,,,,,,"['DERIVED', 'PRIMARY']",/home/stud1/giri/projects/Dataset/remind/ReMIND-078/22920/41995/Preop SEG 003.dcm
ReMIND-078,1.3.6.1.4.1.14519.5.2.1.223845065325808565061644978535159043910,303,tumor seg - MR ref: 2D_AX_T2_FLAIR,,,SEG,1,35,19,,,,,,"['DERIVED', 'PRIMARY']",/home/stud1/giri/projects/Dataset/remind/ReMIND-078/22920/43910/Preop SEG 001.dcm
ReMIND-078,1.3.6.1.4.1.14519.5.2.1.261147843697663815617111562585812560209,3,US_pre_imri,,,US,1,640,787,,,,,,"['DERIVED', 'PRIMARY', 'VOLUME', 'NONE']",/home/stud1/giri/projects/Dataset/remind/ReMIND-078/94597/60209/Intraop US 001.dcm
ReMIND-078,1.3.6.1.4.1.14519.5.2.1.28507203688389350444983144364720895838,1,2D_AX_T2_FLAIR,,,MR,42,256,216,"[.937499995889623, .937500006073902]",4.0,1.0,,,"['ORIGINAL', 'PRIMARY', 'MPR']",/home/stud1/giri/projects/Dataset/remind/ReMIND-078/22920/95838/Preop MR 230.dcm
ReMIND-078,1.3.6.1.4.1.14519.5.2.1.297284771232939624783367843127401996351,6,3D_SAG_T2_FLAIR,,,MR,176,512,512,"[.488281261389999, .488281254408327]",1.0,1.0,,,"['ORIGINAL', 'PRIMARY', 'MPR']",/home/stud1/giri/projects/Dataset/remind/ReMIND-078/94597/96351/Intraop MR 010.dcm
ReMIND-078,1.3.6.1.4.1.14519.5.2.1.299478940899589312067035068003935815869,3,3D_AX_T2_SPACE,,,MR,192,256,256,"[.976562548775524, .976562472053226]",1.0,1.0,,,"['ORIGINAL', 'PRIMARY', 'MPR']",/home/stud1/giri/projects/Dataset/remind/ReMIND-078/22920/15869/Preop MR 094.dcm
ReMIND-078,1.3.6.1.4.1.14519.5.2.1.305219958075679385983800123982557550731,5,3D_AX_T1_postcontrast,,,MR,176,256,256,"[1.00000002329493, .99999997507962]",1.0,1.0,,,"['ORIGINAL', 'PRIMARY', 'MPR']",/home/stud1/giri/projects/Dataset/remind/ReMIND-078/94597/50731/Intraop MR 278.dcm
ReMIND-078,1.3.6.1.4.1.14519.5.2.1.307532977082182317477183384077572489481,305,tumor_residual seg - MR ref: 3D_AX_T1_postcontrast,,,SEG,1,20,15,,,,,,"['DERIVED', 'PRIMARY']",/home/stud1/giri/projects/Dataset/remind/ReMIND-078/94597/89481/Intraop SEG 001.dcm
ReMIND-078,1.3.6.1.4.1.14519.5.2.1.65351152777031097365902650584774054791,4,2D_AX_T2_BLADE,,,MR,70,256,256,"[.859374977331225, .859375088929135]",2.0,1.0,,,"['ORIGINAL', 'PRIMARY', 'MPR']",/home/stud1/giri/projects/Dataset/remind/ReMIND-078/94597/54791/Intraop MR 373.dcm
ReMIND-078,1.3.6.1.4.1.14519.5.2.1.7508472527429347674757836195145291464,303,tumor seg - MR ref: 3D_AX_T1_postcontrast,,,SEG,1,27,15,,,,,,"['DERIVED', 'PRIMARY']",/home/stud1/giri/projects/Dataset/remind/ReMIND-078/22920/91464/Preop SEG 002.dcm
ReMIND-079,1.3.6.1.4.1.14519.5.2.1.102223461961107939681396440127854112446,1,US_pre_dura,,,US,1,641,877,,,,,,"['DERIVED', 'PRIMARY', 'VOLUME', 'NONE']",/home/stud1/giri/projects/Dataset/remind/ReMIND-079/68963/12446/Intraop US 002.dcm
ReMIND-079,1.3.6.1.4.1.14519.5.2.1.110991868671471931331023630214335748871,3,3D_AX_T1_postcontrast,,,MR,192,256,216,"[.976562499012193, .976562488810536]",1.0,1.0,,,"['ORIGINAL', 'PRIMARY', 'MPR']",/home/stud1/giri/projects/Dataset/remind/ReMIND-079/39114/48871/Preop MR 303.dcm
ReMIND-079,1.3.6.1.4.1.14519.5.2.1.122370961619488331144285976339610450748,301,cerebrum seg - MR ref: 3D_AX_T1_postcontrast,,,SEG,1,248,280,,,,,,"['DERIVED', 'PRIMARY']",/home/stud1/giri/projects/Dataset/remind/ReMIND-079/39114/50748/Preop SEG 002.dcm
ReMIND-079,1.3.6.1.4.1.14519.5.2.1.125185684122837427444845028615308535871,303,tumor seg - MR ref: 3D_AX_T1_postcontrast,,,SEG,1,20,18,,,,,,"['DERIVED', 'PRIMARY']",/home/stud1/giri/projects/Dataset/remind/ReMIND-079/39114/35871/Preop SEG 001.dcm
ReMIND-079,1.3.6.1.4.1.14519.5.2.1.140779391321254964978099539209922965708,4,3D_AX_T2_SPACE,,,MR,192,256,256,"[.976562580957168, .976562534229038]",1.0,1.0,,,"['ORIGINAL', 'PRIMARY', 'MPR']",/home/stud1/giri/projects/Dataset/remind/ReMIND-079/39114/65708/Preop MR 094.dcm
ReMIND-079,1.3.6.1.4.1.14519.5.2.1.161472760706931214259782939893207877570,1,2D_AX_T2,,,MR,30,896,784,"[.234375000000002, .234375000000002]",5.0,1.0,,,"['ORIGINAL', 'PRIMARY', 'MPR']",/home/stud1/giri/projects/Dataset/remind/ReMIND-079/39114/77570/Preop MR 208.dcm
ReMIND-079,1.3.6.1.4.1.14519.5.2.1.24455706570332450594283277863226500344,4,2D_AX_T2_BLADE,,,MR,70,256,256,"[.859375010364729, .859375045469296]",2.0,1.0,,,"['ORIGINAL', 'PRIMARY', 'MPR']",/home/stud1/giri/projects/Dataset/remind/ReMIND-079/68963/00344/Intraop MR 224.dcm
ReMIND-079,1.3.6.1.4.1.14519.5.2.1.265151974881719778673656789057327041668,2,2D_AX_T2_FLAIR,,,MR,30,320,280,"[.656250000000006, .656250000000006]",5.0,1.0,,,"['ORIGINAL', 'PRIMARY', 'MPR']",/home/stud1/giri/projects/Dataset/remind/ReMIND-079/39114/41668/Preop MR 417.dcm
ReMIND-079,1.3.6.1.4.1.14519.5.2.1.299009544111198364212713527585134196962,3,US_pre_imri,,,US,1,574,741,,,,,,"['DERIVED', 'PRIMARY', 'VOLUME', 'NONE']",/home/stud1/giri/projects/Dataset/remind/ReMIND-079/68963/96962/Intraop US 001.dcm
ReMIND-079,1.3.6.1.4.1.14519.5.2.1.329216126439312156340059277227365973772,6,3D_SAG_T2_FLAIR,,,MR,176,512,512,"[.488281236798526, .488281256222653]",1.0,1.0,,,"['ORIGINAL', 'PRIMARY', 'MPR']",/home/stud1/giri/projects/Dataset/remind/ReMIND-079/68963/73772/Intraop MR 373.dcm
ReMIND-079,1.3.6.1.4.1.14519.5.2.1.62464711454380494708196970212362011665,5,3D_AX_T1_postcontrast,,,MR,176,256,256,"[1.00000001243661, .999999979988128]",1.0,1.0,,,"['ORIGINAL', 'PRIMARY', 'MPR']",/home/stud1/giri/projects/Dataset/remind/ReMIND-079/68963/11665/Intraop MR 010.dcm
ReMIND-079,1.3.6.1.4.1.14519.5.2.1.77275095089319441714449514147618018191,2,US_post_dura,,,US,1,574,720,,,,,,"['DERIVED', 'PRIMARY', 'VOLUME', 'NONE']",/home/stud1/giri/projects/Dataset/remind/ReMIND-079/68963/18191/Intraop US 003.dcm
ReMIND-080,1.3.6.1.4.1.14519.5.2.1.118373693950165140655864178535437553041,5,3D_AX_T2_SPACE,,,MR,192,256,256,"[.976562498518813, .976562491300406]",1.0,1.0,,,"['ORIGINAL', 'PRIMARY', 'MPR']",/home/stud1/giri/projects/Dataset/remind/ReMIND-080/20787/53041/Preop MR 303.dcm
ReMIND-080,1.3.6.1.4.1.14519.5.2.1.141869553327594644468788140285253796429,303,tumor seg - MR ref: 3D_AX_T2_SPACE,,,SEG,1,75,62,,,,,,"['DERIVED', 'PRIMARY']",/home/stud1/giri/projects/Dataset/remind/ReMIND-080/20787/96429/Preop SEG 002.dcm
ReMIND-080,1.3.6.1.4.1.14519.5.2.1.143514780991506513673783105036256649236,301,cerebrum seg - MR ref: 3D_AX_T1_postcontrast,,,SEG,1,430,316,,,,,,"['DERIVED', 'PRIMARY']",/home/stud1/giri/projects/Dataset/remind/ReMIND-080/20787/49236/Preop SEG 001.dcm
ReMIND-080,1.3.6.1.4.1.14519.5.2.1.147141227523799304714436895246212674526,5,3D_SAG_T2_FLAIR,,,MR,176,512,512,"[.488281239895275, .488281249655786]",1.0,1.0,,,"['ORIGINAL', 'PRIMARY', 'MPR']",/home/stud1/giri/projects/Dataset/remind/ReMIND-080/79469/74526/Intraop MR 224.dcm
ReMIND-080,1.3.6.1.4.1.14519.5.2.1.192720764767762177739952843431922469901,1,2D_AX_T2,,,MR,31,896,784,"[.234375022841174, .234374996083248]",5.0,1.0,,,"['ORIGINAL', 'PRIMARY', 'MPR']",/home/stud1/giri/projects/Dataset/remind/ReMIND-080/20787/69901/Preop MR 469.dcm
ReMIND-080,1.3.6.1.4.1.14519.5.2.1.220458141931844004501916608191697736452,4,2D_AX_T2_BLADE,,,MR,70,256,256,"[.859374987869811, .859375001326919]",2.0,1.0,,,"['ORIGINAL', 'PRIMARY', 'MPR']",/home/stud1/giri/projects/Dataset/remind/ReMIND-080/79469/36452/Intraop MR 010.dcm
ReMIND-080,1.3.6.1.4.1.14519.5.2.1.237049925607073717009260179502488939465,3,US_pre_imri,,,US,1,637,799,,,,,,"['DERIVED', 'PRIMARY', 'VOLUME', 'NONE']",/home/stud1/giri/projects/Dataset/remind/ReMIND-080/79469/39465/Intraop US 001.dcm
ReMIND-080,1.3.6.1.4.1.14519.5.2.1.285332338058386985546334529159522480046,3,2D_COR_T2_FLAIR,,,MR,41,256,224,"[.820312513311021, .820312491529285]",5.0,1.0,,,"['ORIGINAL', 'PRIMARY', 'MPR']",/home/stud1/giri/projects/Dataset/remind/ReMIND-080/20787/80046/Preop MR 403.dcm
ReMIND-080,1.3.6.1.4.1.14519.5.2.1.292413861264297633310620020917100057047,2,2D_AX_T2_FLAIR,,,MR,31,320,300,"[.656250012182799, .656250024477894]",5.0,1.0,,,"['ORIGINAL', 'PRIMARY', 'MPR']",/home/stud1/giri/projects/Dataset/remind/ReMIND-080/20787/57047/Preop MR 201.dcm
ReMIND-080,1.3.6.1.4.1.14519.5.2.1.309660940748008006249067452256801579331,1,US_pre_dura,,,US,1,607,777,,,,,,"['DERIVED', 'PRIMARY', 'VOLUME', 'NONE']",/home/stud1/giri/projects/Dataset/remind/ReMIND-080/79469/79331/Intraop US 003.dcm
ReMIND-080,1.3.6.1.4.1.14519.5.2.1.321501027351785808444300278607184919508,4,3D_AX_T1_postcontrast,,,MR,176,256,216,"[.976562498074305, .976562561061934]",1.0,1.0,,,"['ORIGINAL', 'PRIMARY', 'MPR']",/home/stud1/giri/projects/Dataset/remind/ReMIND-080/20787/19508/Preop MR 094.dcm
ReMIND-080,1.3.6.1.4.1.14519.5.2.1.41496104081924350650957035938965235045,2,US_post_dura,,,US,1,686,744,,,,,,"['DERIVED', 'PRIMARY', 'VOLUME', 'NONE']",/home/stud1/giri/projects/Dataset/remind/ReMIND-080/79469/35045/Intraop US 002.dcm
ReMIND-081,1.3.6.1.4.1.14519.5.2.1.167096469212715324144860325810477363982,2,2D_COR_T2_BLADE,,,MR,71,256,256,"[.937500082326173, .937500007483579]",2.88,1.0,,,"['ORIGINAL', 'PRIMARY', 'MPR']",/home/stud1/giri/projects/Dataset/remind/ReMIND-081/59517/63982/Preop MR 513.dcm
ReMIND-081,1.3.6.1.4.1.14519.5.2.1.175914897897505679667305692481565860907,4,2D_AX_T2_BLADE,,,MR,70,256,256,"[.859375091762984, .859375003285498]",2.0,1.0,,,"['ORIGINAL', 'PRIMARY', 'MPR']",/home/stud1/giri/projects/Dataset/remind/ReMIND-081/96094/60907/Intraop MR 373.dcm
ReMIND-081,1.3.6.1.4.1.14519.5.2.1.181758770927607650670170036481623892310,305,tumor_residual seg - MR ref: 3D_AX_T2_SPACE,,,SEG,1,51,84,,,,,,"['DERIVED', 'PRIMARY']",/home/stud1/giri/projects/Dataset/remind/ReMIND-081/96094/92310/Intraop SEG 001.dcm
ReMIND-081,1.3.6.1.4.1.14519.5.2.1.200734442499206180349247825372468086911,5,3D_AX_T2_SPACE,,,MR,176,512,408,"[.54687505343872, .54687502781599]",1.0,1.0,,,"['ORIGINAL', 'PRIMARY', 'MPR']",/home/stud1/giri/projects/Dataset/remind/ReMIND-081/96094/86911/Intraop MR 278.dcm
ReMIND-081,1.3.6.1.4.1.14519.5.2.1.209189805109091349206080869166421365451,5,3D_SAG_T2_SPACE,,,MR,192,256,256,"[.976562485977294, .976562489457162]",1.0,1.0,,,"['ORIGINAL', 'PRIMARY', 'MPR']",/home/stud1/giri/projects/Dataset/remind/ReMIND-081/59517/65451/Preop MR 303.dcm
ReMIND-081,1.3.6.1.4.1.14519.5.2.1.209783304473152976537033108871076462580,3,3D_AX_T1_postcontrast,,,MR,192,256,216,"[1.015625, 1.015625]",1.0,1.0,,,"['ORIGINAL', 'PRIMARY', 'MPR']",/home/stud1/giri/projects/Dataset/remind/ReMIND-081/59517/62580/Preop MR 094.dcm
ReMIND-081,1.3.6.1.4.1.14519.5.2.1.292764736064569644744142674898453945201,6,3D_SAG_T2_FLAIR,,,MR,176,512,512,"[.488281294225346, .488281323332397]",1.0,1.0,,,"['ORIGINAL', 'PRIMARY', 'MPR']",/home/stud1/giri/projects/Dataset/remind/ReMIND-081/96094/45201/Intraop MR 010.dcm
ReMIND-081,1.3.6.1.4.1.14519.5.2.1.323807414789795164351733846594918250059,303,tumor seg - MR ref: 3D_AX_T1_postcontrast,,,SEG,1,43,27,,,,,,"['DERIVED', 'PRIMARY']",/home/stud1/giri/projects/Dataset/remind/ReMIND-081/59517/50059/Preop SEG 001.dcm
ReMIND-081,1.3.6.1.4.1.14519.5.2.1.324361572002708121446878685953183209602,3,US_pre_imri,,,US,1,658,799,,,,,,"['DERIVED', 'PRIMARY', 'VOLUME', 'NONE']",/home/stud1/giri/projects/Dataset/remind/ReMIND-081/96094/09602/Intraop US 002.dcm
ReMIND-081,1.3.6.1.4.1.14519.5.2.1.51007285183417352627497498677222164985,1,US_pre_dura,,,US,1,699,735,,,,,,"['DERIVED', 'PRIMARY', 'VOLUME', 'NONE']",/home/stud1/giri/projects/Dataset/remind/ReMIND-081/96094/64985/Intraop US 001.dcm
ReMIND-081,1.3.6.1.4.1.14519.5.2.1.68543891705429753722178017848135345782,301,cerebrum seg - MR ref: 3D_AX_T1_postcontrast,,,SEG,1,528,411,,,,,,"['DERIVED', 'PRIMARY']",/home/stud1/giri/projects/Dataset/remind/ReMIND-081/59517/45782/Preop SEG 002.dcm
ReMIND-081,1.3.6.1.4.1.14519.5.2.1.7374437687082991242571654522845872002,4,3D_SAG_T2_FLAIR,,,MR,176,256,240,"[1.00000002367642, .999999993117216]",1.0,1.0,,,"['ORIGINAL', 'PRIMARY', 'MPR']",/home/stud1/giri/projects/Dataset/remind/ReMIND-081/59517/72002/Preop MR 553.dcm
ReMIND-081,1.3.6.1.4.1.14519.5.2.1.86930882266308295332700579362541911623,1,2D_AX_T2_BLADE,,,MR,77,256,256,"[.937499979236304, .937500077808081]",2.0,1.0,,,"['ORIGINAL', 'PRIMARY', 'MPR']",/home/stud1/giri/projects/Dataset/remind/ReMIND-081/59517/11623/Preop MR 230.dcm
ReMIND-081,1.3.6.1.4.1.14519.5.2.1.98724681354292589082650334471042337690,2,US_post_dura,,,US,1,661,848,,,,,,"['DERIVED', 'PRIMARY', 'VOLUME', 'NONE']",/home/stud1/giri/projects/Dataset/remind/ReMIND-081/96094/37690/Intraop US 003.dcm
ReMIND-082,1.3.6.1.4.1.14519.5.2.1.144409985111850034110167664159973654305,2,US_post_dura,,,US,1,1020,904,,,,,,"['DERIVED', 'PRIMARY', 'VOLUME', 'NONE']",/home/stud1/giri/projects/Dataset/remind/ReMIND-082/52183/54305/Intraop US 003.dcm
ReMIND-082,1.3.6.1.4.1.14519.5.2.1.208395037946911744574755869579955588596,5,3D_AX_T1_postcontrast,,,MR,208,256,256,"[1.01562502290198, 1.01562498727049]",1.0,1.0,,,"['ORIGINAL', 'PRIMARY', 'MPR']",/home/stud1/giri/projects/Dataset/remind/ReMIND-082/52183/88596/Intraop MR 278.dcm
ReMIND-082,1.3.6.1.4.1.14519.5.2.1.248706271817348552087415524094454654400,303,tumor seg - MR ref: 3D_AX_T1_postcontrast,,,SEG,1,67,28,,,,,,"['DERIVED', 'PRIMARY']",/home/stud1/giri/projects/Dataset/remind/ReMIND-082/31551/54400/Preop SEG 001.dcm
ReMIND-082,1.3.6.1.4.1.14519.5.2.1.268773982218263697751295825379602896123,1,US_pre_dura,,,US,1,695,906,,,,,,"['DERIVED', 'PRIMARY', 'VOLUME', 'NONE']",/home/stud1/giri/projects/Dataset/remind/ReMIND-082/52183/96123/Intraop US 001.dcm
ReMIND-082,1.3.6.1.4.1.14519.5.2.1.296910998778755813525350666396245461299,1,2D_AX_T2_BLADE,,,MR,53,512,512,"[.410156252995154, .410156292192958]",2.5,1.0,,,"['ORIGINAL', 'PRIMARY', 'MPR']",/home/stud1/giri/projects/Dataset/remind/ReMIND-082/31551/61299/Preop MR 303.dcm
ReMIND-082,1.3.6.1.4.1.14519.5.2.1.302892215719967757682725454869211961570,4,3D_AX_T2_SPACE,,,MR,192,256,256,"[.976562546797291, .9765625874835]",1.0,1.0,,,"['ORIGINAL', 'PRIMARY', 'MPR']",/home/stud1/giri/projects/Dataset/remind/ReMIND-082/31551/61570/Preop MR 372.dcm
ReMIND-082,1.3.6.1.4.1.14519.5.2.1.329707351757412352942972066969586815245,3,US_pre_imri,,,US,1,721,861,,,,,,"['DERIVED', 'PRIMARY', 'VOLUME', 'NONE']",/home/stud1/giri/projects/Dataset/remind/ReMIND-082/52183/15245/Intraop US 002.dcm
ReMIND-082,1.3.6.1.4.1.14519.5.2.1.56429739619269030074359259685661705353,3,3D_AX_T1_postcontrast,,,MR,176,256,256,"[1.00000000506679, 1.000000013578]",1.0,1.0,,,"['ORIGINAL', 'PRIMARY', 'MPR']",/home/stud1/giri/projects/Dataset/remind/ReMIND-082/31551/05353/Preop MR 094.dcm
ReMIND-082,1.3.6.1.4.1.14519.5.2.1.75910995778944818042908640429406686275,2,2D_COR_T2_BLADE,,,MR,75,512,512,"[.410156236252797, .410156273345274]",2.5,1.0,,,"['ORIGINAL', 'PRIMARY', 'MPR']",/home/stud1/giri/projects/Dataset/remind/ReMIND-082/31551/86275/Preop MR 230.dcm
ReMIND-082,1.3.6.1.4.1.14519.5.2.1.96489112242180220050344775577608005394,4,2D_AX_T2_BLADE,,,MR,70,256,256,"[.859374999449465, .859375017478937]",2.0,1.0,,,"['ORIGINAL', 'PRIMARY', 'MPR']",/home/stud1/giri/projects/Dataset/remind/ReMIND-082/52183/05394/Intraop MR 010.dcm
ReMIND-083,1.3.6.1.4.1.14519.5.2.1.120312347494670778367997410900275152804,4,2D_AX_T2_BLADE,,,MR,70,256,256,"[.859374921766713, .859374973894668]",2.0,1.0,,,"['ORIGINAL', 'PRIMARY', 'MPR']",/home/stud1/giri/projects/Dataset/remind/ReMIND-083/56868/52804/Intraop MR 010.dcm
ReMIND-083,1.3.6.1.4.1.14519.5.2.1.14073247076355923769172799622164195020,3,3D_AX_T1_postcontrast,,,MR,208,256,216,"[1.05468747199348, 1.05468745915073]",1.0,1.0,,,"['ORIGINAL', 'PRIMARY', 'MPR']",/home/stud1/giri/projects/Dataset/remind/ReMIND-083/03876/95020/Preop MR 094.dcm
ReMIND-083,1.3.6.1.4.1.14519.5.2.1.170004435910544132980233125809884849152,303,tumor seg - MR ref: 3D_AX_T1_postcontrast,,,SEG,1,45,35,,,,,,"['DERIVED', 'PRIMARY']",/home/stud1/giri/projects/Dataset/remind/ReMIND-083/03876/49152/Preop SEG 002.dcm
ReMIND-083,1.3.6.1.4.1.14519.5.2.1.171754080062558938789909781311742924756,1,US_pre_dura,,,US,1,606,765,,,,,,"['DERIVED', 'PRIMARY', 'VOLUME', 'NONE']",/home/stud1/giri/projects/Dataset/remind/ReMIND-083/56868/24756/Intraop US 001.dcm
ReMIND-083,1.3.6.1.4.1.14519.5.2.1.199135923251592348157454627509099481722,2,2D_COR_T2_FLAIR,,,MR,77,256,256,"[.82031249949626, .820312515161235]",2.5,1.0,,,"['ORIGINAL', 'PRIMARY', 'MPR']",/home/stud1/giri/projects/Dataset/remind/ReMIND-083/03876/81722/Preop MR 048.dcm
ReMIND-083,1.3.6.1.4.1.14519.5.2.1.232035464148372723971057318441393505942,3,US_pre_imri,,,US,1,630,723,,,,,,"['DERIVED', 'PRIMARY', 'VOLUME', 'NONE']",/home/stud1/giri/projects/Dataset/remind/ReMIND-083/56868/05942/Intraop US 003.dcm
ReMIND-083,1.3.6.1.4.1.14519.5.2.1.254957139943094479300464951287654264209,1,2D_COR_T2_BLADE,,,MR,75,512,512,"[.41015625354251, .41015628626861]",2.5,1.0,,,"['ORIGINAL', 'PRIMARY', 'MPR']",/home/stud1/giri/projects/Dataset/remind/ReMIND-083/03876/64209/Preop MR 303.dcm
ReMIND-083,1.3.6.1.4.1.14519.5.2.1.307805706156891720719697149498721103450,305,tumor_residual seg - MR ref: 3D_AX_T1_postcontrast,,,SEG,1,43,35,,,,,,"['DERIVED', 'PRIMARY']",/home/stud1/giri/projects/Dataset/remind/ReMIND-083/56868/03450/Intraop SEG 001.dcm
ReMIND-083,1.3.6.1.4.1.14519.5.2.1.324167584253730461516688056582458326117,302,previous_resection_cavity seg - MR ref: 3D_AX_T1_postcontrast,,,SEG,1,30,28,,,,,,"['DERIVED', 'PRIMARY']",/home/stud1/giri/projects/Dataset/remind/ReMIND-083/03876/26117/Preop SEG 001.dcm
ReMIND-083,1.3.6.1.4.1.14519.5.2.1.324987897354532172854027130129378649029,2,US_post_dura,,,US,1,645,790,,,,,,"['DERIVED', 'PRIMARY', 'VOLUME', 'NONE']",/home/stud1/giri/projects/Dataset/remind/ReMIND-083/56868/49029/Intraop US 002.dcm
ReMIND-083,1.3.6.1.4.1.14519.5.2.1.72150499151399787131241279557620283281,5,3D_AX_T1_postcontrast,,,MR,176,256,256,"[1.00000001935346, .999999987197675]",1.0,1.0,,,"['ORIGINAL', 'PRIMARY', 'MPR']",/home/stud1/giri/projects/Dataset/remind/ReMIND-083/56868/83281/Intraop MR 224.dcm
ReMIND-084,1.3.6.1.4.1.14519.5.2.1.128123625741201502438201934064436159871,2,US_post_dura,,,US,1,593,730,,,,,,"['DERIVED', 'PRIMARY', 'VOLUME', 'NONE']",/home/stud1/giri/projects/Dataset/remind/ReMIND-084/94541/59871/Intraop US 003.dcm
ReMIND-084,1.3.6.1.4.1.14519.5.2.1.139644862561089451757169831849968981723,5,3D_AX_T1_postcontrast,,,MR,176,256,256,"[.999999980442172, .999999974077101]",1.0,1.0,,,"['ORIGINAL', 'PRIMARY', 'MPR']",/home/stud1/giri/projects/Dataset/remind/ReMIND-084/94541/81723/Intraop MR 224.dcm
ReMIND-084,1.3.6.1.4.1.14519.5.2.1.152943921625841839100009776772237931368,4,2D_AX_T2_BLADE,,,MR,70,256,256,"[.859375070094683, .859374981543531]",2.0,1.0,,,"['ORIGINAL', 'PRIMARY', 'MPR']",/home/stud1/giri/projects/Dataset/remind/ReMIND-084/94541/31368/Intraop MR 010.dcm
ReMIND-084,1.3.6.1.4.1.14519.5.2.1.207326736062478576135244485404102351558,303,tumor seg - MR ref: 3D_AX_T1_postcontrast,,,SEG,1,35,31,,,,,,"['DERIVED', 'PRIMARY']",/home/stud1/giri/projects/Dataset/remind/ReMIND-084/73001/51558/Preop SEG 001.dcm
ReMIND-084,1.3.6.1.4.1.14519.5.2.1.22170270874912661638837921250285401241,2,3D_AX_T1_postcontrast,,,MR,192,256,224,"[.976562518262044, .976562519176648]",1.0,1.0,,,"['ORIGINAL', 'PRIMARY', 'MPR']",/home/stud1/giri/projects/Dataset/remind/ReMIND-084/73001/01241/Preop MR 094.dcm
ReMIND-084,1.3.6.1.4.1.14519.5.2.1.292091692985055738016514299267168458702,1,US_pre_dura,,,US,1,592,721,,,,,,"['DERIVED', 'PRIMARY', 'VOLUME', 'NONE']",/home/stud1/giri/projects/Dataset/remind/ReMIND-084/94541/58702/Intraop US 001.dcm
ReMIND-084,1.3.6.1.4.1.14519.5.2.1.44247034285925650608137822447834896948,3,US_pre_imri,,,US,1,619,699,,,,,,"['DERIVED', 'PRIMARY', 'VOLUME', 'NONE']",/home/stud1/giri/projects/Dataset/remind/ReMIND-084/94541/96948/Intraop US 002.dcm
ReMIND-084,1.3.6.1.4.1.14519.5.2.1.60913201983719370019561409902463908398,1,2D_AX_T2,,,MR,28,384,324,"[.546875022235841, .546874996429158]",6.0,1.0,,,"['ORIGINAL', 'PRIMARY', 'MPR']",/home/stud1/giri/projects/Dataset/remind/ReMIND-084/73001/08398/Preop MR 208.dcm
ReMIND-085,1.3.6.1.4.1.14519.5.2.1.14119528337811796030842492388218160550,4,2D_AX_T2_BLADE,,,MR,70,256,256,"[.859374999999994, .859374999999998]",2.0,1.0,,,"['ORIGINAL', 'PRIMARY', 'MPR']",/home/stud1/giri/projects/Dataset/remind/ReMIND-085/54649/60550/Intraop MR 224.dcm
ReMIND-085,1.3.6.1.4.1.14519.5.2.1.274541495384119618019464532839460883903,303,tumor seg - MR ref: 3D_AX_T2_SPACE,,,SEG,1,61,42,,,,,,"['DERIVED', 'PRIMARY']",/home/stud1/giri/projects/Dataset/remind/ReMIND-085/89818/83903/Preop SEG 002.dcm
ReMIND-085,1.3.6.1.4.1.14519.5.2.1.286867785106151620270479228342549173802,3,3D_AX_T2_SPACE,,,MR,192,256,256,"[.9765625, .9765625]",1.0,1.0,,,"['ORIGINAL', 'PRIMARY', 'MPR']",/home/stud1/giri/projects/Dataset/remind/ReMIND-085/89818/73802/Preop MR 303.dcm
ReMIND-085,1.3.6.1.4.1.14519.5.2.1.302514156214041869101265320543730386205,2,3D_AX_T1_postcontrast,,,MR,176,256,232,"[.976562499999999, .976562499999999]",1.0,1.0,,,"['ORIGINAL', 'PRIMARY', 'MPR']",/home/stud1/giri/projects/Dataset/remind/ReMIND-085/89818/86205/Preop MR 094.dcm
ReMIND-085,1.3.6.1.4.1.14519.5.2.1.332188033683349999040285277274513502797,303,tumor seg - MR ref: 2D_AX_T2_FLAIR,,,SEG,1,65,40,,,,,,"['DERIVED', 'PRIMARY']",/home/stud1/giri/projects/Dataset/remind/ReMIND-085/89818/02797/Preop SEG 001.dcm
ReMIND-085,1.3.6.1.4.1.14519.5.2.1.57484615750956807398447424489250696016,1,US_pre_dura,,,US,1,591,729,,,,,,"['DERIVED', 'PRIMARY', 'VOLUME', 'NONE']",/home/stud1/giri/projects/Dataset/remind/ReMIND-085/54649/96016/Intraop US 002.dcm
ReMIND-085,1.3.6.1.4.1.14519.5.2.1.62229856970589994791571528602945429305,2,US_post_dura,,,US,1,642,747,,,,,,"['DERIVED', 'PRIMARY', 'VOLUME', 'NONE']",/home/stud1/giri/projects/Dataset/remind/ReMIND-085/54649/29305/Intraop US 003.dcm
ReMIND-085,1.3.6.1.4.1.14519.5.2.1.86279107157054258817943565823784425195,3,US_pre_imri,,,US,1,635,772,,,,,,"['DERIVED', 'PRIMARY', 'VOLUME', 'NONE']",/home/stud1/giri/projects/Dataset/remind/ReMIND-085/54649/25195/Intraop US 001.dcm
ReMIND-085,1.3.6.1.4.1.14519.5.2.1.87221870704990629630704727762135269351,5,3D_AX_T1_postcontrast,,,MR,176,256,256,"[1, 1]",1.2,1.0,,,"['ORIGINAL', 'PRIMARY', 'MPR']",/home/stud1/giri/projects/Dataset/remind/ReMIND-085/54649/69351/Intraop MR 010.dcm
ReMIND-085,1.3.6.1.4.1.14519.5.2.1.90602379007134832305233087131767229764,1,2D_AX_T2_FLAIR,,,MR,32,320,280,"[.656249999999999, .656249999999999]",5.0,1.0,,,"['ORIGINAL', 'PRIMARY', 'MPR']",/home/stud1/giri/projects/Dataset/remind/ReMIND-085/89818/29764/Preop MR 208.dcm
ReMIND-086,1.3.6.1.4.1.14519.5.2.1.108960176888173407513486481290157003553,1,US_pre_dura,,,US,1,593,708,,,,,,"['DERIVED', 'PRIMARY', 'VOLUME', 'NONE']",/home/stud1/giri/projects/Dataset/remind/ReMIND-086/87569/03553/Intraop US 002.dcm
ReMIND-086,1.3.6.1.4.1.14519.5.2.1.147877879098873410719890638939888660465,2,US_post_dura,,,US,1,585,712,,,,,,"['DERIVED', 'PRIMARY', 'VOLUME', 'NONE']",/home/stud1/giri/projects/Dataset/remind/ReMIND-086/87569/60465/Intraop US 003.dcm
ReMIND-086,1.3.6.1.4.1.14519.5.2.1.159056021954237170442374108382437334753,301,cerebrum seg - MR ref: 3D_AX_T1_postcontrast,,,SEG,1,439,333,,,,,,"['DERIVED', 'PRIMARY']",/home/stud1/giri/projects/Dataset/remind/ReMIND-086/61652/34753/Preop SEG 003.dcm
ReMIND-086,1.3.6.1.4.1.14519.5.2.1.216529436812350101582905594489395554981,4,3D_AX_T2_SPACE,,,MR,192,256,256,"[.97656249999848, .976562576821408]",1.0,1.0,,,"['ORIGINAL', 'PRIMARY', 'MPR']",/home/stud1/giri/projects/Dataset/remind/ReMIND-086/61652/54981/Preop MR 303.dcm
ReMIND-086,1.3.6.1.4.1.14519.5.2.1.223548829632398662651738540490924461879,4,2D_AX_T2_BLADE,,,MR,70,256,256,"[.859374997437396, .85937505627314]",2.0,1.0,,,"['ORIGINAL', 'PRIMARY', 'MPR']",/home/stud1/giri/projects/Dataset/remind/ReMIND-086/87569/61879/Intraop MR 224.dcm
ReMIND-086,1.3.6.1.4.1.14519.5.2.1.237397161691826969895611526670962960395,300,ventricles seg - MR ref: 3D_AX_T1_postcontrast,,,SEG,1,276,193,,,,,,"['DERIVED', 'PRIMARY']",/home/stud1/giri/projects/Dataset/remind/ReMIND-086/61652/60395/Preop SEG 002.dcm
ReMIND-086,1.3.6.1.4.1.14519.5.2.1.258245510520062943451530008567698942676,3,3D_AX_T1_postcontrast,,,MR,192,256,216,"[1.01562500695635, 1.01562505667431]",1.0,1.0,,,"['ORIGINAL', 'PRIMARY', 'MPR']",/home/stud1/giri/projects/Dataset/remind/ReMIND-086/61652/42676/Preop MR 094.dcm
ReMIND-086,1.3.6.1.4.1.14519.5.2.1.260179786388564687408737946883035157514,1,2D_AX_T2,,,MR,32,896,784,"[.24553574601178, .245535711228931]",5.0,1.0,,,"['ORIGINAL', 'PRIMARY', 'MPR']",/home/stud1/giri/projects/Dataset/remind/ReMIND-086/61652/57514/Preop MR 208.dcm
ReMIND-086,1.3.6.1.4.1.14519.5.2.1.268652366341592083678500890044541706004,3,US_pre_imri,,,US,1,566,699,,,,,,"['DERIVED', 'PRIMARY', 'VOLUME', 'NONE']",/home/stud1/giri/projects/Dataset/remind/ReMIND-086/87569/06004/Intraop US 001.dcm
ReMIND-086,1.3.6.1.4.1.14519.5.2.1.287932272426575381124880378743135736236,5,3D_AX_T1_postcontrast,,,MR,176,256,256,"[.999999988809002, .999999993444416]",1.0,1.0,,,"['ORIGINAL', 'PRIMARY', 'MPR']",/home/stud1/giri/projects/Dataset/remind/ReMIND-086/87569/36236/Intraop MR 010.dcm
ReMIND-086,1.3.6.1.4.1.14519.5.2.1.292316959175592100861955056852948113468,303,tumor seg - MR ref: 3D_AX_T1_postcontrast,,,SEG,1,32,41,,,,,,"['DERIVED', 'PRIMARY']",/home/stud1/giri/projects/Dataset/remind/ReMIND-086/61652/13468/Preop SEG 001.dcm
ReMIND-086,1.3.6.1.4.1.14519.5.2.1.58872483839430572241001793127630683338,6,3D_SAG_T2_FLAIR,,,MR,176,512,512,"[.488281253013767, .488281307621039]",1.0,1.0,,,"['ORIGINAL', 'PRIMARY', 'MPR']",/home/stud1/giri/projects/Dataset/remind/ReMIND-086/87569/83338/Intraop MR 373.dcm
ReMIND-086,1.3.6.1.4.1.14519.5.2.1.64044081092848502994869761421987809856,2,2D_AX_T2_FLAIR,,,MR,32,320,280,"[.687500023567386, .687500049018095]",5.0,1.0,,,"['ORIGINAL', 'PRIMARY', 'MPR']",/home/stud1/giri/projects/Dataset/remind/ReMIND-086/61652/09856/Preop MR 417.dcm
ReMIND-086,1.3.6.1.4.1.14519.5.2.1.82994545694517756221207807710105974593,305,tumor_residual seg - MR ref: 3D_AX_T1_postcontrast,,,SEG,1,39,57,,,,,,"['DERIVED', 'PRIMARY']",/home/stud1/giri/projects/Dataset/remind/ReMIND-086/87569/74593/Intraop SEG 001.dcm
ReMIND-088,1.3.6.1.4.1.14519.5.2.1.115661440736145813446053197194658755731,5,3D_AX_T2,,,MR,290,512,512,"[.468750044350982, .468750008001101]",0.83,1.0,,,"['ORIGINAL', 'PRIMARY', 'MPR']",/home/stud1/giri/projects/Dataset/remind/ReMIND-088/54153/55731/Preop MR 553.dcm
ReMIND-088,1.3.6.1.4.1.14519.5.2.1.161165618944502566893305246873883907899,1,US_pre_dura,,,US,1,693,1120,,,,,,"['DERIVED', 'PRIMARY', 'VOLUME', 'NONE']",/home/stud1/giri/projects/Dataset/remind/ReMIND-088/37518/07899/Intraop US 002.dcm
ReMIND-088,1.3.6.1.4.1.14519.5.2.1.17006578515300406324493484322878390310,301,cerebrum seg - MR ref: 3D_AX_T1_postcontrast,,,SEG,1,449,310,,,,,,"['DERIVED', 'PRIMARY']",/home/stud1/giri/projects/Dataset/remind/ReMIND-088/54153/90310/Preop SEG 001.dcm
ReMIND-088,1.3.6.1.4.1.14519.5.2.1.180783498158474930244624393276603792333,2,US_post_dura,,,US,1,685,829,,,,,,"['DERIVED', 'PRIMARY', 'VOLUME', 'NONE']",/home/stud1/giri/projects/Dataset/remind/ReMIND-088/37518/92333/Intraop US 003.dcm
ReMIND-088,1.3.6.1.4.1.14519.5.2.1.204595287135222846408998337789300603625,303,tumor seg - MR ref: 3D_AX_T2,,,SEG,1,186,103,,,,,,"['DERIVED', 'PRIMARY']",/home/stud1/giri/projects/Dataset/remind/ReMIND-088/54153/03625/Preop SEG 002.dcm
ReMIND-088,1.3.6.1.4.1.14519.5.2.1.22991798312759174002630749887608519281,1,2D_AX_T2_FLAIR,,,MR,32,512,512,"[.410200012947188, .410200018686023]",5.0,1.0,,,"['ORIGINAL', 'PRIMARY', 'MPR']",/home/stud1/giri/projects/Dataset/remind/ReMIND-088/54153/19281/Preop MR 469.dcm
ReMIND-088,1.3.6.1.4.1.14519.5.2.1.243992554213698764964360929455472495531,6,3D_SAG_T2_FLAIR,,,MR,176,512,512,"[.488281274951392, .488281242028836]",1.0,1.0,,,"['ORIGINAL', 'PRIMARY', 'MPR']",/home/stud1/giri/projects/Dataset/remind/ReMIND-088/37518/95531/Intraop MR 278.dcm
ReMIND-088,1.3.6.1.4.1.14519.5.2.1.279920891976570769032238351642089807300,4,2D_AX_T2_BLADE,,,MR,70,256,256,"[.859375063617237, .859375002588432]",2.0,1.0,,,"['ORIGINAL', 'PRIMARY', 'MPR']",/home/stud1/giri/projects/Dataset/remind/ReMIND-088/37518/07300/Intraop MR 010.dcm
ReMIND-088,1.3.6.1.4.1.14519.5.2.1.29953956324093501090477197494214466815,3,2D_SAG_T2_FLAIR,,,MR,25,512,512,"[.468800004117649, .468799985840562]",5.5,1.0,,,"['ORIGINAL', 'PRIMARY', 'MPR']",/home/stud1/giri/projects/Dataset/remind/ReMIND-088/54153/66815/Preop MR 495.dcm
ReMIND-088,1.3.6.1.4.1.14519.5.2.1.334034758431209770036928112006947392728,4,3D_AX_T1_postcontrast,,,MR,408,256,256,"[.976600066451361, .976600015225638]",0.499999,1.0,,,"['ORIGINAL', 'PRIMARY', 'MPR']",/home/stud1/giri/projects/Dataset/remind/ReMIND-088/54153/92728/Preop MR 094.dcm
ReMIND-088,1.3.6.1.4.1.14519.5.2.1.45431541621530682628558296605268918548,5,2D_SAG_T2_BLADE,,,MR,70,256,256,"[.859375021888053, .859374969354046]",2.0,1.0,,,"['ORIGINAL', 'PRIMARY', 'MPR']",/home/stud1/giri/projects/Dataset/remind/ReMIND-088/37518/18548/Intraop MR 138.dcm
ReMIND-088,1.3.6.1.4.1.14519.5.2.1.71126632534868831528312331662187629325,3,US_pre_imri,,,US,1,645,906,,,,,,"['DERIVED', 'PRIMARY', 'VOLUME', 'NONE']",/home/stud1/giri/projects/Dataset/remind/ReMIND-088/37518/29325/Intraop US 001.dcm
ReMIND-088,1.3.6.1.4.1.14519.5.2.1.83268174202504654550337976964844866625,2,2D_COR_T2_FLAIR,,,MR,32,512,512,"[.371100010228357, .371100020819484]",5.99999,1.0,,,"['ORIGINAL', 'PRIMARY', 'MPR']",/home/stud1/giri/projects/Dataset/remind/ReMIND-088/54153/66625/Preop MR 417.dcm
ReMIND-089,1.3.6.1.4.1.14519.5.2.1.118127996120293019143086201274078974132,4,2D_AX_T2_BLADE,,,MR,70,256,256,"[.859375019985897, .859375009329764]",2.0,1.0,,,"['ORIGINAL', 'PRIMARY', 'MPR']",/home/stud1/giri/projects/Dataset/remind/ReMIND-089/49063/74132/Intraop MR 224.dcm
ReMIND-089,1.3.6.1.4.1.14519.5.2.1.183503456374431620043816447662598481981,301,cerebrum seg - MR ref: 3D_AX_T1_postcontrast,,,SEG,1,437,320,,,,,,"['DERIVED', 'PRIMARY']",/home/stud1/giri/projects/Dataset/remind/ReMIND-089/59574/81981/Preop SEG 001.dcm
ReMIND-089,1.3.6.1.4.1.14519.5.2.1.189803048734860381240230537982502640876,5,3D_AX_T1_postcontrast,,,MR,193,256,256,"[1, 1]",1.0,1.0,,,"['ORIGINAL', 'PRIMARY', 'MPR']",/home/stud1/giri/projects/Dataset/remind/ReMIND-089/49063/40876/Intraop MR 010.dcm
ReMIND-089,1.3.6.1.4.1.14519.5.2.1.21405235029457012278185601720106149690,303,tumor seg - MR ref: 3D_AX_T1_postcontrast,,,SEG,1,7,9,,,,,,"['DERIVED', 'PRIMARY']",/home/stud1/giri/projects/Dataset/remind/ReMIND-089/59574/49690/Preop SEG 002.dcm
ReMIND-089,1.3.6.1.4.1.14519.5.2.1.221910202301791633069050238309470910758,2,US_post_dura,,,US,1,567,691,,,,,,"['DERIVED', 'PRIMARY', 'VOLUME', 'NONE']",/home/stud1/giri/projects/Dataset/remind/ReMIND-089/49063/10758/Intraop US 003.dcm
ReMIND-089,1.3.6.1.4.1.14519.5.2.1.286736422594701063162368775639312778804,1,US_pre_dura,,,US,1,613,713,,,,,,"['DERIVED', 'PRIMARY', 'VOLUME', 'NONE']",/home/stud1/giri/projects/Dataset/remind/ReMIND-089/49063/78804/Intraop US 002.dcm
ReMIND-089,1.3.6.1.4.1.14519.5.2.1.305851980249624951711492970929088677397,2,3D_AX_T2_SPACE,,,MR,192,256,256,"[.97656255604915, .976562541623442]",1.0,1.0,,,"['ORIGINAL', 'PRIMARY', 'MPR']",/home/stud1/giri/projects/Dataset/remind/ReMIND-089/59574/77397/Preop MR 094.dcm
ReMIND-089,1.3.6.1.4.1.14519.5.2.1.43319914201092339887689422385559172952,300,ventricles seg - MR ref: 3D_AX_T1_postcontrast,,,SEG,1,269,180,,,,,,"['DERIVED', 'PRIMARY']",/home/stud1/giri/projects/Dataset/remind/ReMIND-089/59574/72952/Preop SEG 003.dcm
ReMIND-089,1.3.6.1.4.1.14519.5.2.1.55095704523748819981548720710905971702,3,US_pre_imri,,,US,1,575,702,,,,,,"['DERIVED', 'PRIMARY', 'VOLUME', 'NONE']",/home/stud1/giri/projects/Dataset/remind/ReMIND-089/49063/71702/Intraop US 001.dcm
ReMIND-089,1.3.6.1.4.1.14519.5.2.1.69034982680289458804569513311635910117,1,3D_AX_T1_postcontrast,,,MR,192,256,256,"[1, 1]",1.0,1.0,,,"['ORIGINAL', 'PRIMARY', 'MPR']",/home/stud1/giri/projects/Dataset/remind/ReMIND-089/59574/10117/Preop MR 303.dcm
ReMIND-093,1.3.6.1.4.1.14519.5.2.1.122795520959073652174558520130041407750,1,US_pre_dura,,,US,1,557,698,,,,,,"['DERIVED', 'PRIMARY', 'VOLUME', 'NONE']",/home/stud1/giri/projects/Dataset/remind/ReMIND-093/57571/07750/Intraop US 002.dcm
ReMIND-093,1.3.6.1.4.1.14519.5.2.1.123765165871261488039748108001086287260,3,3D_AX_T1_postcontrast,,,MR,192,640,480,"[.375000019652417, .375000019652417]",1.0,1.0,,,"['ORIGINAL', 'PRIMARY', 'MPR']",/home/stud1/giri/projects/Dataset/remind/ReMIND-093/89916/87260/Preop MR 094.dcm
ReMIND-093,1.3.6.1.4.1.14519.5.2.1.125452915403894893383576480981787082065,3,US_pre_imri,,,US,1,590,753,,,,,,"['DERIVED', 'PRIMARY', 'VOLUME', 'NONE']",/home/stud1/giri/projects/Dataset/remind/ReMIND-093/57571/82065/Intraop US 003.dcm
ReMIND-093,1.3.6.1.4.1.14519.5.2.1.179451626240010801635708281576595525740,303,tumor seg - MR ref: 3D_AX_T1_postcontrast,,,SEG,1,140,89,,,,,,"['DERIVED', 'PRIMARY']",/home/stud1/giri/projects/Dataset/remind/ReMIND-093/89916/25740/Preop SEG 001.dcm
ReMIND-093,1.3.6.1.4.1.14519.5.2.1.213419197736611879790060504537221224789,2,2D_AX_T2_FLAIR,,,MR,60,304,244,"[.690789479727879, .690789466952959]",2.4,1.0,,,"['ORIGINAL', 'PRIMARY', 'MPR']",/home/stud1/giri/projects/Dataset/remind/ReMIND-093/89916/24789/Preop MR 048.dcm
ReMIND-093,1.3.6.1.4.1.14519.5.2.1.245139749935316403957604166497366339842,2,US_post_dura,,,US,1,619,817,,,,,,"['DERIVED', 'PRIMARY', 'VOLUME', 'NONE']",/home/stud1/giri/projects/Dataset/remind/ReMIND-093/57571/39842/Intraop US 001.dcm
ReMIND-093,1.3.6.1.4.1.14519.5.2.1.259677228757029107397211536420964818711,5,3D_AX_T1_postcontrast,,,MR,176,256,256,"[.999999980436349, 1.00000000951083]",1.0,1.0,,,"['ORIGINAL', 'PRIMARY', 'MPR']",/home/stud1/giri/projects/Dataset/remind/ReMIND-093/57571/18711/Intraop MR 224.dcm
ReMIND-093,1.3.6.1.4.1.14519.5.2.1.302173525437187672570635794392296610051,305,tumor_residual seg - MR ref: 3D_AX_T1_postcontrast,,,SEG,1,45,18,,,,,,"['DERIVED', 'PRIMARY']",/home/stud1/giri/projects/Dataset/remind/ReMIND-093/57571/10051/Intraop SEG 001.dcm
ReMIND-093,1.3.6.1.4.1.14519.5.2.1.31648349872979755581914892048506241851,1,2D_AX_T2,,,MR,60,1120,912,"[.187500019999659, .187500020900883]",2.4,1.0,,,"['ORIGINAL', 'PRIMARY', 'MPR']",/home/stud1/giri/projects/Dataset/remind/ReMIND-093/89916/41851/Preop MR 303.dcm
ReMIND-093,1.3.6.1.4.1.14519.5.2.1.320476015518816713267780326246278674510,4,2D_AX_T2_BLADE,,,MR,70,256,256,"[.859374989189267, .859375013477419]",2.0,1.0,,,"['ORIGINAL', 'PRIMARY', 'MPR']",/home/stud1/giri/projects/Dataset/remind/ReMIND-093/57571/74510/Intraop MR 010.dcm
ReMIND-094,1.3.6.1.4.1.14519.5.2.1.134881558797475911599736676947509005150,303,tumor seg - MR ref: 3D_AX_T2_FLAIR,,,SEG,1,115,106,,,,,,"['DERIVED', 'PRIMARY']",/home/stud1/giri/projects/Dataset/remind/ReMIND-094/41270/05150/Preop SEG 001.dcm
ReMIND-094,1.3.6.1.4.1.14519.5.2.1.148342501820245471235672141160926884026,2,3D_AX_T2_FLAIR,,,MR,144,512,512,"[.488281248613849, .488281248126967]",1.0,1.0,,,"['ORIGINAL', 'PRIMARY', 'MPR']",/home/stud1/giri/projects/Dataset/remind/ReMIND-094/41270/84026/Preop MR 303.dcm
ReMIND-094,1.3.6.1.4.1.14519.5.2.1.152132779506532536204991087805383762344,6,3D_AX_T1_precontrast,,,MR,176,256,256,"[1.00000002450845, .999999995900895]",1.2,1.0,,,"['ORIGINAL', 'PRIMARY', 'MPR']",/home/stud1/giri/projects/Dataset/remind/ReMIND-094/30187/62344/Intraop MR 224.dcm
ReMIND-094,1.3.6.1.4.1.14519.5.2.1.155869400054049903852859276979581321758,5,2D_AX_T2_FLAIR,,,MR,74,512,512,"[.4296875, .4296875]",3.3,1.0,,,"['ORIGINAL', 'PRIMARY', 'MPR']",/home/stud1/giri/projects/Dataset/remind/ReMIND-094/30187/21758/Intraop MR 278.dcm
ReMIND-094,1.3.6.1.4.1.14519.5.2.1.192801756400351809034948060845973706821,301,cerebrum seg - MR ref: 3D_AX_T1_postcontrast,,,SEG,1,495,420,,,,,,"['DERIVED', 'PRIMARY']",/home/stud1/giri/projects/Dataset/remind/ReMIND-094/41270/06821/Preop SEG 002.dcm
ReMIND-094,1.3.6.1.4.1.14519.5.2.1.219029483819870714271105739127795855967,305,tumor_residual seg - MR ref: 3D_AX_T1_precontrast,,,SEG,1,31,33,,,,,,"['DERIVED', 'PRIMARY']",/home/stud1/giri/projects/Dataset/remind/ReMIND-094/30187/55967/Intraop SEG 001.dcm
ReMIND-094,1.3.6.1.4.1.14519.5.2.1.270321789727449893116484845059823254975,1,US_pre_dura,,,US,1,630,754,,,,,,"['DERIVED', 'PRIMARY', 'VOLUME', 'NONE']",/home/stud1/giri/projects/Dataset/remind/ReMIND-094/30187/54975/Intraop US 003.dcm
ReMIND-094,1.3.6.1.4.1.14519.5.2.1.275289298584591592567802709735274667906,3,US_pre_imri,,,US,1,756,739,,,,,,"['DERIVED', 'PRIMARY', 'VOLUME', 'NONE']",/home/stud1/giri/projects/Dataset/remind/ReMIND-094/30187/67906/Intraop US 001.dcm
ReMIND-094,1.3.6.1.4.1.14519.5.2.1.296159307335924951692281744656863132264,4,2D_AX_T2_BLADE,,,MR,70,256,256,"[.859375, .859375]",2.0,1.0,,,"['ORIGINAL', 'PRIMARY', 'MPR']",/home/stud1/giri/projects/Dataset/remind/ReMIND-094/30187/32264/Intraop MR 010.dcm
ReMIND-094,1.3.6.1.4.1.14519.5.2.1.317093578064021591805303899910588270756,2,US_post_dura,,,US,1,659,793,,,,,,"['DERIVED', 'PRIMARY', 'VOLUME', 'NONE']",/home/stud1/giri/projects/Dataset/remind/ReMIND-094/30187/70756/Intraop US 002.dcm
ReMIND-094,1.3.6.1.4.1.14519.5.2.1.328703294549432381164600231126798423723,1,3D_AX_T1_postcontrast,,,MR,176,256,216,"[.976562364939047, .976562602109426]",1.0,1.0,,,"['ORIGINAL', 'PRIMARY', 'MPR']",/home/stud1/giri/projects/Dataset/remind/ReMIND-094/41270/23723/Preop MR 094.dcm
ReMIND-097,1.3.6.1.4.1.14519.5.2.1.107249011975465173304626774837631022501,303,tumor seg - MR ref: 3D_AX_T1_postcontrast,,,SEG,1,22,23,,,,,,"['DERIVED', 'PRIMARY']",/home/stud1/giri/projects/Dataset/remind/ReMIND-097/61885/22501/Preop SEG 001.dcm
ReMIND-097,1.3.6.1.4.1.14519.5.2.1.113954035025800011411828119450542727134,5,3D_AX_T1_postcontrast,,,MR,176,256,256,"[.999999999088664, 1.00000002466633]",1.0,1.0,,,"['ORIGINAL', 'PRIMARY', 'MPR']",/home/stud1/giri/projects/Dataset/remind/ReMIND-097/32800/27134/Intraop MR 373.dcm
ReMIND-097,1.3.6.1.4.1.14519.5.2.1.115749566563692449074052508017051162595,305,tumor_residual seg - MR ref: 2D_AX_T2_BLADE,,,SEG,1,36,26,,,,,,"['DERIVED', 'PRIMARY']",/home/stud1/giri/projects/Dataset/remind/ReMIND-097/32800/62595/Intraop SEG 001.dcm
ReMIND-097,1.3.6.1.4.1.14519.5.2.1.143202082153004667018111032375706914254,1,US_pre_dura,,,US,1,635,862,,,,,,"['DERIVED', 'PRIMARY', 'VOLUME', 'NONE']",/home/stud1/giri/projects/Dataset/remind/ReMIND-097/32800/14254/Intraop US 003.dcm
ReMIND-097,1.3.6.1.4.1.14519.5.2.1.189921138609316080285552196321762766903,3,US_pre_imri,,,US,1,637,864,,,,,,"['DERIVED', 'PRIMARY', 'VOLUME', 'NONE']",/home/stud1/giri/projects/Dataset/remind/ReMIND-097/32800/66903/Intraop US 001.dcm
ReMIND-097,1.3.6.1.4.1.14519.5.2.1.206762673256485665021178116178468480017,303,tumor seg - MR ref: 2D_AX_T2_BLADE,,,SEG,1,90,64,,,,,,"['DERIVED', 'PRIMARY']",/home/stud1/giri/projects/Dataset/remind/ReMIND-097/61885/80017/Preop SEG 002.dcm
ReMIND-097,1.3.6.1.4.1.14519.5.2.1.207800385755019839797960072183025897837,301,cerebrum seg - MR ref: 3D_AX_T1_postcontrast,,,SEG,1,407,354,,,,,,"['DERIVED', 'PRIMARY']",/home/stud1/giri/projects/Dataset/remind/ReMIND-097/61885/97837/Preop SEG 004.dcm
ReMIND-097,1.3.6.1.4.1.14519.5.2.1.230865542052839903079231479734992642026,6,3D_SAG_T2_FLAIR,,,MR,176,512,512,"[.488281241689234, .488281237924962]",1.0,1.0,,,"['ORIGINAL', 'PRIMARY', 'MPR']",/home/stud1/giri/projects/Dataset/remind/ReMIND-097/32800/42026/Intraop MR 224.dcm
ReMIND-097,1.3.6.1.4.1.14519.5.2.1.250460306229187119679067342799571806524,2,US_post_dura,,,US,1,675,840,,,,,,"['DERIVED', 'PRIMARY', 'VOLUME', 'NONE']",/home/stud1/giri/projects/Dataset/remind/ReMIND-097/32800/06524/Intraop US 002.dcm
ReMIND-097,1.3.6.1.4.1.14519.5.2.1.276164093415204600644642152557260134204,300,ventricles seg - MR ref: 3D_AX_T1_postcontrast,,,SEG,1,246,199,,,,,,"['DERIVED', 'PRIMARY']",/home/stud1/giri/projects/Dataset/remind/ReMIND-097/61885/34204/Preop SEG 003.dcm
ReMIND-097,1.3.6.1.4.1.14519.5.2.1.294205429710739632005303458249066132467,4,2D_AX_T2_BLADE,,,MR,70,256,256,"[.859374979607955, .859375033684992]",2.0,1.0,,,"['ORIGINAL', 'PRIMARY', 'MPR']",/home/stud1/giri/projects/Dataset/remind/ReMIND-097/32800/32467/Intraop MR 010.dcm
ReMIND-097,1.3.6.1.4.1.14519.5.2.1.4813031333847413950767996573081273485,2,3D_AX_T1_postcontrast,,,MR,192,256,216,"[.976562503381542, .976562554342763]",1.0,1.0,,,"['ORIGINAL', 'PRIMARY', 'MPR']",/home/stud1/giri/projects/Dataset/remind/ReMIND-097/61885/73485/Preop MR 094.dcm
ReMIND-097,1.3.6.1.4.1.14519.5.2.1.86821369884418047244385826850851555586,1,2D_AX_T2_BLADE,,,MR,53,512,512,"[.410156250844668, .410156246359357]",2.5,1.0,,,"['ORIGINAL', 'PRIMARY', 'MPR']",/home/stud1/giri/projects/Dataset/remind/ReMIND-097/61885/55586/Preop MR 230.dcm
ReMIND-098,1.3.6.1.4.1.14519.5.2.1.10119462188671337674942746221574426619,2,2D_AX_T2_FLAIR,,,MR,32,320,280,"[.656250042890275, .656250000213301]",5.0,1.0,,,"['ORIGINAL', 'PRIMARY', 'MPR']",/home/stud1/giri/projects/Dataset/remind/ReMIND-098/64133/26619/Preop MR 012.dcm
ReMIND-098,1.3.6.1.4.1.14519.5.2.1.1863932920648477196860133774830322365,1,2D_AX_T2,,,MR,32,896,784,"[.234375005516103, .234374995615838]",5.0,1.0,,,"['ORIGINAL', 'PRIMARY', 'MPR']",/home/stud1/giri/projects/Dataset/remind/ReMIND-098/64133/22365/Preop MR 230.dcm
ReMIND-098,1.3.6.1.4.1.14519.5.2.1.190147697014575451084423937261363157033,301,cerebrum seg - MR ref: 3D_AX_T1_postcontrast,,,SEG,1,424,325,,,,,,"['DERIVED', 'PRIMARY']",/home/stud1/giri/projects/Dataset/remind/ReMIND-098/64133/57033/Preop SEG 002.dcm
ReMIND-098,1.3.6.1.4.1.14519.5.2.1.192824500491321776018146052169989967372,6,3D_SAG_T2_FLAIR,,,MR,176,512,512,"[.488281235930231, .488281253683829]",1.0,1.0,,,"['ORIGINAL', 'PRIMARY', 'MPR']",/home/stud1/giri/projects/Dataset/remind/ReMIND-098/02334/67372/Intraop MR 010.dcm
ReMIND-098,1.3.6.1.4.1.14519.5.2.1.205678707539691230481593066925300549189,3,US_pre_imri,,,US,1,634,746,,,,,,"['DERIVED', 'PRIMARY', 'VOLUME', 'NONE']",/home/stud1/giri/projects/Dataset/remind/ReMIND-098/02334/49189/Intraop US 003.dcm
ReMIND-098,1.3.6.1.4.1.14519.5.2.1.227196364935602630696640755064008629593,2,US_post_dura,,,US,1,574,745,,,,,,"['DERIVED', 'PRIMARY', 'VOLUME', 'NONE']",/home/stud1/giri/projects/Dataset/remind/ReMIND-098/02334/29593/Intraop US 002.dcm
ReMIND-098,1.3.6.1.4.1.14519.5.2.1.273934035819471593205982714495588820879,4,2D_AX_T2_BLADE,,,MR,70,256,256,"[.859375050929369, .859375057288644]",2.0,1.0,,,"['ORIGINAL', 'PRIMARY', 'MPR']",/home/stud1/giri/projects/Dataset/remind/ReMIND-098/02334/20879/Intraop MR 373.dcm
ReMIND-098,1.3.6.1.4.1.14519.5.2.1.284023501363103788491300813733611788552,305,tumor_residual seg - MR ref: 3D_SAG_T2_FLAIR,,,SEG,1,94,60,,,,,,"['DERIVED', 'PRIMARY']",/home/stud1/giri/projects/Dataset/remind/ReMIND-098/02334/88552/Intraop SEG 001.dcm
ReMIND-098,1.3.6.1.4.1.14519.5.2.1.44024365177692876823932283257809680428,1,US_pre_dura,,,US,1,676,796,,,,,,"['DERIVED', 'PRIMARY', 'VOLUME', 'NONE']",/home/stud1/giri/projects/Dataset/remind/ReMIND-098/02334/80428/Intraop US 001.dcm
ReMIND-098,1.3.6.1.4.1.14519.5.2.1.70267364046483375969066786255598521265,5,3D_AX_T1_precontrast,,,MR,176,256,256,"[.999999982861531, 1.00000000866102]",1.0,1.0,,,"['ORIGINAL', 'PRIMARY', 'MPR']",/home/stud1/giri/projects/Dataset/remind/ReMIND-098/02334/21265/Intraop MR 278.dcm
ReMIND-098,1.3.6.1.4.1.14519.5.2.1.89971075047964886482274050369452598946,303,tumor seg - MR ref: 2D_AX_T2_FLAIR,,,SEG,1,35,71,,,,,,"['DERIVED', 'PRIMARY']",/home/stud1/giri/projects/Dataset/remind/ReMIND-098/64133/98946/Preop SEG 001.dcm
ReMIND-098,1.3.6.1.4.1.14519.5.2.1.94907817459279445336088295933500958572,3,3D_AX_T1_postcontrast,,,MR,192,256,216,"[.976562500412055, .976562567024459]",1.0,1.0,,,"['ORIGINAL', 'PRIMARY', 'MPR']",/home/stud1/giri/projects/Dataset/remind/ReMIND-098/64133/58572/Preop MR 094.dcm
ReMIND-099,1.3.6.1.4.1.14519.5.2.1.15666031689162880056276398961289440689,305,tumor_residual seg - MR ref: 3D_AX_T1_postcontrast,,,SEG,1,13,25,,,,,,"['DERIVED', 'PRIMARY']",/home/stud1/giri/projects/Dataset/remind/ReMIND-099/78309/40689/Intraop SEG 001.dcm
ReMIND-099,1.3.6.1.4.1.14519.5.2.1.193687640273138790026928099160393740472,2,3D_AX_T1_postcontrast,,,MR,192,512,512,"[.488281244536605, .488281258370356]",0.98,1.0,,,"['ORIGINAL', 'PRIMARY', 'MPR']",/home/stud1/giri/projects/Dataset/remind/ReMIND-099/32368/40472/Preop MR 094.dcm
ReMIND-099,1.3.6.1.4.1.14519.5.2.1.209906831085461734632226587767761060760,2,US_post_dura,,,US,1,555,698,,,,,,"['DERIVED', 'PRIMARY', 'VOLUME', 'NONE']",/home/stud1/giri/projects/Dataset/remind/ReMIND-099/78309/60760/Intraop US 001.dcm
ReMIND-099,1.3.6.1.4.1.14519.5.2.1.223566163273680150468718919241483888523,303,tumor seg - MR ref: 3D_AX_T1_postcontrast,,,SEG,1,43,56,,,,,,"['DERIVED', 'PRIMARY']",/home/stud1/giri/projects/Dataset/remind/ReMIND-099/32368/88523/Preop SEG 002.dcm
ReMIND-099,1.3.6.1.4.1.14519.5.2.1.23307046976228367027604442783641653549,5,3D_AX_T1_postcontrast,,,MR,176,256,256,"[1, 1]",1.2,1.0,,,"['ORIGINAL', 'PRIMARY', 'MPR']",/home/stud1/giri/projects/Dataset/remind/ReMIND-099/78309/53549/Intraop MR 224.dcm
ReMIND-099,1.3.6.1.4.1.14519.5.2.1.261185022861455214020821479068119386925,301,cerebrum seg - MR ref: 3D_AX_T1_postcontrast,,,SEG,1,556,430,,,,,,"['DERIVED', 'PRIMARY']",/home/stud1/giri/projects/Dataset/remind/ReMIND-099/32368/86925/Preop SEG 003.dcm
ReMIND-099,1.3.6.1.4.1.14519.5.2.1.268472628301220444339720691075475356790,1,US_pre_dura,,,US,1,593,789,,,,,,"['DERIVED', 'PRIMARY', 'VOLUME', 'NONE']",/home/stud1/giri/projects/Dataset/remind/ReMIND-099/78309/56790/Intraop US 003.dcm
ReMIND-099,1.3.6.1.4.1.14519.5.2.1.331303856804079717671498422092341593698,4,2D_AX_T2_BLADE,,,MR,68,256,256,"[.859374999999999, .859374999999997]",2.0,1.0,,,"['ORIGINAL', 'PRIMARY', 'MPR']",/home/stud1/giri/projects/Dataset/remind/ReMIND-099/78309/93698/Intraop MR 010.dcm
ReMIND-099,1.3.6.1.4.1.14519.5.2.1.78908311253721177658655541013120642489,1,2D_AX_T2_FLAIR,,,MR,34,320,288,"[.656249972112478, .65624997299595]",4.8,1.0,,,"['ORIGINAL', 'PRIMARY', 'MPR']",/home/stud1/giri/projects/Dataset/remind/ReMIND-099/32368/42489/Preop MR 012.dcm
ReMIND-099,1.3.6.1.4.1.14519.5.2.1.82819235862463781632208975724655433756,3,US_pre_imri,,,US,1,569,711,,,,,,"['DERIVED', 'PRIMARY', 'VOLUME', 'NONE']",/home/stud1/giri/projects/Dataset/remind/ReMIND-099/78309/33756/Intraop US 002.dcm
ReMIND-099,1.3.6.1.4.1.14519.5.2.1.87600610458690119356068921788321111838,300,ventricles seg - MR ref: 3D_AX_T1_postcontrast,,,SEG,1,362,231,,,,,,"['DERIVED', 'PRIMARY']",/home/stud1/giri/projects/Dataset/remind/ReMIND-099/32368/11838/Preop SEG 001.dcm
ReMIND-101,1.3.6.1.4.1.14519.5.2.1.129346396544793060755822059668552968657,4,3D_AX_T2_SPACE,,,MR,192,256,256,"[.976562581570218, .976562556788601]",1.0,1.0,,,"['ORIGINAL', 'PRIMARY', 'MPR']",/home/stud1/giri/projects/Dataset/remind/ReMIND-101/11497/68657/Preop MR 094.dcm
ReMIND-101,1.3.6.1.4.1.14519.5.2.1.170424079566413785668884022264421748144,305,tumor_residual seg - MR ref: 2D_AX_T2_BLADE,,,SEG,1,66,58,,,,,,"['DERIVED', 'PRIMARY']",/home/stud1/giri/projects/Dataset/remind/ReMIND-101/46689/48144/Intraop SEG 001.dcm
ReMIND-101,1.3.6.1.4.1.14519.5.2.1.178199574506479553543356519947479789019,303,tumor seg - MR ref: 2D_AX_T2,,,SEG,1,252,200,,,,,,"['DERIVED', 'PRIMARY']",/home/stud1/giri/projects/Dataset/remind/ReMIND-101/11497/89019/Preop SEG 001.dcm
ReMIND-101,1.3.6.1.4.1.14519.5.2.1.184154471421897337065434731851312724768,3,US_pre_imri,,,US,1,597,800,,,,,,"['DERIVED', 'PRIMARY', 'VOLUME', 'NONE']",/home/stud1/giri/projects/Dataset/remind/ReMIND-101/46689/24768/Intraop US 002.dcm
ReMIND-101,1.3.6.1.4.1.14519.5.2.1.242980959202761128710005174711062266102,3,3D_AX_T1_postcontrast,,,MR,192,256,216,"[.976562478382964, .976562527768698]",1.0,1.0,,,"['ORIGINAL', 'PRIMARY', 'MPR']",/home/stud1/giri/projects/Dataset/remind/ReMIND-101/11497/66102/Preop MR 303.dcm
ReMIND-101,1.3.6.1.4.1.14519.5.2.1.2666593429949498000977049255478280465,1,2D_AX_T2,,,MR,33,896,784,"[.234375007849978, .234374995269243]",5.0,1.0,,,"['ORIGINAL', 'PRIMARY', 'MPR']",/home/stud1/giri/projects/Dataset/remind/ReMIND-101/11497/80465/Preop MR 403.dcm
ReMIND-101,1.3.6.1.4.1.14519.5.2.1.27572599727127858109461957441124124625,4,2D_AX_T2_BLADE,,,MR,70,256,256,"[.859375041728596, .859375068413511]",2.0,1.0,,,"['ORIGINAL', 'PRIMARY', 'MPR']",/home/stud1/giri/projects/Dataset/remind/ReMIND-101/46689/24625/Intraop MR 426.dcm
ReMIND-101,1.3.6.1.4.1.14519.5.2.1.284109965641253208915045637852752538631,2,2D_AX_T2_FLAIR,,,MR,33,320,280,"[.656250000414813, .656249972124672]",5.0,1.0,,,"['ORIGINAL', 'PRIMARY', 'MPR']",/home/stud1/giri/projects/Dataset/remind/ReMIND-101/11497/38631/Preop MR 443.dcm
ReMIND-101,1.3.6.1.4.1.14519.5.2.1.298224303139373432860322018612118506022,6,3D_AX_T1_postcontrast,,,MR,176,256,256,"[1.00000001001832, 1.0000000213616]",1.0,1.0,,,"['ORIGINAL', 'PRIMARY', 'MPR']",/home/stud1/giri/projects/Dataset/remind/ReMIND-101/46689/06022/Intraop MR 010.dcm
ReMIND-101,1.3.6.1.4.1.14519.5.2.1.324206545521761801453081113116291068502,2,US_post_dura,,,US,1,663,748,,,,,,"['DERIVED', 'PRIMARY', 'VOLUME', 'NONE']",/home/stud1/giri/projects/Dataset/remind/ReMIND-101/46689/68502/Intraop US 001.dcm
ReMIND-101,1.3.6.1.4.1.14519.5.2.1.332885355505219489398632001955672451032,1,US_pre_dura,,,US,1,673,813,,,,,,"['DERIVED', 'PRIMARY', 'VOLUME', 'NONE']",/home/stud1/giri/projects/Dataset/remind/ReMIND-101/46689/51032/Intraop US 003.dcm
ReMIND-101,1.3.6.1.4.1.14519.5.2.1.36870355407337455013700199386649704721,7,3D_SAG_T2_FLAIR,,,MR,176,512,512,"[.488281242279696, .488281286096229]",1.0,1.0,,,"['ORIGINAL', 'PRIMARY', 'MPR']",/home/stud1/giri/projects/Dataset/remind/ReMIND-101/46689/04721/Intraop MR 278.dcm
ReMIND-101,1.3.6.1.4.1.14519.5.2.1.86878390673564029776381495391533645347,5,2D_COR_T2_BLADE,,,MR,70,256,256,"[.859375038391507, .859375008984237]",3.0,1.0,,,"['ORIGINAL', 'PRIMARY', 'MPR']",/home/stud1/giri/projects/Dataset/remind/ReMIND-101/46689/45347/Intraop MR 373.dcm
ReMIND-102,1.3.6.1.4.1.14519.5.2.1.100672859059649735169786451708104145346,1,2D_AX_T2,,,MR,42,256,256,"[.937500039567531, .937500002409134]",4.0,1.0,,,"['ORIGINAL', 'PRIMARY', 'MPR']",/home/stud1/giri/projects/Dataset/remind/ReMIND-102/51124/45346/Preop MR 451.dcm
ReMIND-102,1.3.6.1.4.1.14519.5.2.1.10075575321496021208392727456324860653,4,3D_SAG_T2_SPACE,,,MR,192,256,256,"[.976562472636192, .976562586820401]",1.0,1.0,,,"['ORIGINAL', 'PRIMARY', 'MPR']",/home/stud1/giri/projects/Dataset/remind/ReMIND-102/51124/60653/Preop MR 303.dcm
ReMIND-102,1.3.6.1.4.1.14519.5.2.1.101722857769923355605659787391047111349,2,US_post_dura,,,US,1,628,746,,,,,,"['DERIVED', 'PRIMARY', 'VOLUME', 'NONE']",/home/stud1/giri/projects/Dataset/remind/ReMIND-102/76449/11349/Intraop US 001.dcm
ReMIND-102,1.3.6.1.4.1.14519.5.2.1.101818521650756254516035275810180029963,3,3D_AX_T1_postcontrast,,,MR,192,256,224,"[1, 1]",1.0,1.0,,,"['ORIGINAL', 'PRIMARY', 'MPR']",/home/stud1/giri/projects/Dataset/remind/ReMIND-102/51124/29963/Preop MR 094.dcm
ReMIND-102,1.3.6.1.4.1.14519.5.2.1.107343801853911982922444429606490791197,303,tumor seg - MR ref: 3D_AX_T1_postcontrast,,,SEG,1,30,26,,,,,,"['DERIVED', 'PRIMARY']",/home/stud1/giri/projects/Dataset/remind/ReMIND-102/51124/91197/Preop SEG 003.dcm
ReMIND-102,1.3.6.1.4.1.14519.5.2.1.143899711056742087223654873738549061897,1,US_pre_dura,,,US,1,587,727,,,,,,"['DERIVED', 'PRIMARY', 'VOLUME', 'NONE']",/home/stud1/giri/projects/Dataset/remind/ReMIND-102/76449/61897/Intraop US 003.dcm
ReMIND-102,1.3.6.1.4.1.14519.5.2.1.177588706224554999314252805484514380572,6,3D_SAG_T2_FLAIR,,,MR,176,512,512,"[.488281246433727, .488281265858067]",1.0,1.0,,,"['ORIGINAL', 'PRIMARY', 'MPR']",/home/stud1/giri/projects/Dataset/remind/ReMIND-102/76449/80572/Intraop MR 373.dcm
ReMIND-102,1.3.6.1.4.1.14519.5.2.1.212337313000761608847559062813807101406,4,2D_AX_T2_BLADE,,,MR,70,256,256,"[.859374996425983, .859375014084612]",2.0,1.0,,,"['ORIGINAL', 'PRIMARY', 'MPR']",/home/stud1/giri/projects/Dataset/remind/ReMIND-102/76449/01406/Intraop MR 224.dcm
ReMIND-102,1.3.6.1.4.1.14519.5.2.1.217281643015591403565927560464396250977,5,3D_AX_T1_postcontrast,,,MR,176,256,256,"[.999999983212454, 1.00000002882046]",1.0,1.0,,,"['ORIGINAL', 'PRIMARY', 'MPR']",/home/stud1/giri/projects/Dataset/remind/ReMIND-102/76449/50977/Intraop MR 010.dcm
ReMIND-102,1.3.6.1.4.1.14519.5.2.1.253021551368825098253885021062889419467,300,ventricles seg - MR ref: 3D_AX_T1_postcontrast,,,SEG,1,336,261,,,,,,"['DERIVED', 'PRIMARY']",/home/stud1/giri/projects/Dataset/remind/ReMIND-102/51124/19467/Preop SEG 001.dcm
ReMIND-102,1.3.6.1.4.1.14519.5.2.1.256273406029052409361665599910160093768,302,previous_resection_cavity seg - MR ref: 3D_AX_T1_postcontrast,,,SEG,1,110,48,,,,,,"['DERIVED', 'PRIMARY']",/home/stud1/giri/projects/Dataset/remind/ReMIND-102/51124/93768/Preop SEG 002.dcm
ReMIND-102,1.3.6.1.4.1.14519.5.2.1.309047375537023598124471478864316711677,2,2D_AX_T2_FLAIR,,,MR,42,256,216,"[.937500021429047, .937500074101202]",4.0,1.0,,,"['ORIGINAL', 'PRIMARY', 'MPR']",/home/stud1/giri/projects/Dataset/remind/ReMIND-102/51124/11677/Preop MR 035.dcm
ReMIND-102,1.3.6.1.4.1.14519.5.2.1.49978410616448073546945288802417487795,301,cerebrum seg - MR ref: 3D_AX_T1_postcontrast,,,SEG,1,525,414,,,,,,"['DERIVED', 'PRIMARY']",/home/stud1/giri/projects/Dataset/remind/ReMIND-102/51124/87795/Preop SEG 004.dcm
ReMIND-102,1.3.6.1.4.1.14519.5.2.1.69236573048873300932173316377338257985,305,tumor_residual seg - MR ref: 3D_AX_T1_postcontrast,,,SEG,1,14,12,,,,,,"['DERIVED', 'PRIMARY']",/home/stud1/giri/projects/Dataset/remind/ReMIND-102/76449/57985/Intraop SEG 001.dcm
ReMIND-102,1.3.6.1.4.1.14519.5.2.1.84433436954790450190290046058996196796,3,US_pre_imri,,,US,1,579,700,,,,,,"['DERIVED', 'PRIMARY', 'VOLUME', 'NONE']",/home/stud1/giri/projects/Dataset/remind/ReMIND-102/76449/96796/Intraop US 002.dcm
ReMIND-103,1.3.6.1.4.1.14519.5.2.1.112285402830297223425547113767747414726,3,US_pre_imri,,,US,1,583,713,,,,,,"['DERIVED', 'PRIMARY', 'VOLUME', 'NONE']",/home/stud1/giri/projects/Dataset/remind/ReMIND-103/69597/14726/Intraop US 003.dcm
ReMIND-103,1.3.6.1.4.1.14519.5.2.1.135316521787616393517343278665654503615,2,US_post_dura,,,US,1,618,711,,,,,,"['DERIVED', 'PRIMARY', 'VOLUME', 'NONE']",/home/stud1/giri/projects/Dataset/remind/ReMIND-103/69597/03615/Intraop US 002.dcm
ReMIND-103,1.3.6.1.4.1.14519.5.2.1.136815688120847677246340286478444835996,4,2D_AX_T2,,,MR,40,320,320,"[.708887815475464, .694783270359039]",3.88962,1.0,,,"['ORIGINAL', 'PRIMARY', 'MPR']",/home/stud1/giri/projects/Dataset/remind/ReMIND-103/69597/35996/Intraop MR 187.dcm
ReMIND-103,1.3.6.1.4.1.14519.5.2.1.171349162618023264815088925248209681474,5,3D_AX_T1_postcontrast,,,MR,160,256,256,"[1.0000000053785, .999999996301397]",1.0,1.0,,,"['ORIGINAL', 'PRIMARY', 'MPR']",/home/stud1/giri/projects/Dataset/remind/ReMIND-103/69597/81474/Intraop MR 010.dcm
ReMIND-103,1.3.6.1.4.1.14519.5.2.1.238057820217030759076136943422542299214,303,tumor seg - MR ref: 3D_AX_T1_postcontrast,,,SEG,1,114,72,,,,,,"['DERIVED', 'PRIMARY']",/home/stud1/giri/projects/Dataset/remind/ReMIND-103/65502/99214/Preop SEG 002.dcm
ReMIND-103,1.3.6.1.4.1.14519.5.2.1.251576938469267327417757324898777435110,301,cerebrum seg - MR ref: 3D_AX_T1_postcontrast,,,SEG,1,531,429,,,,,,"['DERIVED', 'PRIMARY']",/home/stud1/giri/projects/Dataset/remind/ReMIND-103/65502/35110/Preop SEG 001.dcm
ReMIND-103,1.3.6.1.4.1.14519.5.2.1.31102975840043329915786704007692913241,1,US_pre_dura,,,US,1,651,743,,,,,,"['DERIVED', 'PRIMARY', 'VOLUME', 'NONE']",/home/stud1/giri/projects/Dataset/remind/ReMIND-103/69597/13241/Intraop US 001.dcm
ReMIND-103,1.3.6.1.4.1.14519.5.2.1.33171631084990832734301553713529158978,3,3D_AX_T2_SPACE,,,MR,144,320,320,"[.793750027634418, .793750035022309]",1.2,1.0,,,"['ORIGINAL', 'PRIMARY', 'MPR']",/home/stud1/giri/projects/Dataset/remind/ReMIND-103/65502/58978/Preop MR 303.dcm
ReMIND-103,1.3.6.1.4.1.14519.5.2.1.41099522864127196414133673199254822129,300,ventricles seg - MR ref: 3D_AX_T1_postcontrast,,,SEG,1,339,239,,,,,,"['DERIVED', 'PRIMARY']",/home/stud1/giri/projects/Dataset/remind/ReMIND-103/65502/22129/Preop SEG 003.dcm
ReMIND-103,1.3.6.1.4.1.14519.5.2.1.48467778374422516957343529059628277757,1,2D_AX_T2_FLAIR,,,MR,66,304,244,"[.690789469429741, .690789480397603]",2.4,1.0,,,"['ORIGINAL', 'PRIMARY', 'MPR']",/home/stud1/giri/projects/Dataset/remind/ReMIND-103/65502/77757/Preop MR 230.dcm
ReMIND-103,1.3.6.1.4.1.14519.5.2.1.72100004097616200112488156519504538037,2,3D_AX_T1_postcontrast,,,MR,176,640,480,"[.375000000683432, .375000010256317]",1.0,1.0,,,"['ORIGINAL', 'PRIMARY', 'MPR']",/home/stud1/giri/projects/Dataset/remind/ReMIND-103/65502/38037/Preop MR 094.dcm
ReMIND-104,1.3.6.1.4.1.14519.5.2.1.121743136958400762435560856085021780850,300,ventricles seg - MR ref: 3D_AX_T1_postcontrast,,,SEG,1,252,200,,,,,,"['DERIVED', 'PRIMARY']",/home/stud1/giri/projects/Dataset/remind/ReMIND-104/26551/80850/Preop SEG 002.dcm
ReMIND-104,1.3.6.1.4.1.14519.5.2.1.126132012436798142919708325293314947196,4,2D_AX_T2_BLADE,,,MR,70,256,256,"[.859374979315205, .859375010796975]",2.0,1.0,,,"['ORIGINAL', 'PRIMARY', 'MPR']",/home/stud1/giri/projects/Dataset/remind/ReMIND-104/64010/47196/Intraop MR 010.dcm
ReMIND-104,1.3.6.1.4.1.14519.5.2.1.128492743032000676331583707368757161956,1,2D_AX_T2_BLADE,,,MR,80,640,560,"[.343750005095284, .343750018172194]",2.0,1.0,,,"['ORIGINAL', 'PRIMARY', 'MPR']",/home/stud1/giri/projects/Dataset/remind/ReMIND-104/26551/61956/Preop MR 303.dcm
ReMIND-104,1.3.6.1.4.1.14519.5.2.1.150194411810733382405470652432988292004,3,US_pre_imri,,,US,1,695,777,,,,,,"['DERIVED', 'PRIMARY', 'VOLUME', 'NONE']",/home/stud1/giri/projects/Dataset/remind/ReMIND-104/64010/92004/Intraop US 001.dcm
ReMIND-104,1.3.6.1.4.1.14519.5.2.1.200839481404618834484727296989756436235,2,US_post_dura,,,US,1,773,765,,,,,,"['DERIVED', 'PRIMARY', 'VOLUME', 'NONE']",/home/stud1/giri/projects/Dataset/remind/ReMIND-104/64010/36235/Intraop US 003.dcm
ReMIND-104,1.3.6.1.4.1.14519.5.2.1.231155385341408145802532655568763479610,5,3D_AX_T1_postcontrast,,,MR,176,256,256,"[.999999982202286, .999999996059491]",1.2,1.0,,,"['ORIGINAL', 'PRIMARY', 'MPR']",/home/stud1/giri/projects/Dataset/remind/ReMIND-104/64010/79610/Intraop MR 224.dcm
ReMIND-104,1.3.6.1.4.1.14519.5.2.1.298323021925371512651250797464689829360,1,US_pre_dura,,,US,1,626,800,,,,,,"['DERIVED', 'PRIMARY', 'VOLUME', 'NONE']",/home/stud1/giri/projects/Dataset/remind/ReMIND-104/64010/29360/Intraop US 002.dcm
ReMIND-104,1.3.6.1.4.1.14519.5.2.1.309728484268906459931659861543217742776,3,3D_AX_T1_postcontrast,,,MR,192,512,464,"[.488281263269217, .488281275419673]",0.98,1.0,,,"['ORIGINAL', 'PRIMARY', 'MPR']",/home/stud1/giri/projects/Dataset/remind/ReMIND-104/26551/42776/Preop MR 094.dcm
ReMIND-104,1.3.6.1.4.1.14519.5.2.1.335209599561165337783248134776839078403,2,2D_COR_T2_BLADE,,,MR,90,640,560,"[.34375000279081, .343749987093472]",2.0,1.0,,,"['ORIGINAL', 'PRIMARY', 'MPR']",/home/stud1/giri/projects/Dataset/remind/ReMIND-104/26551/78403/Preop MR 081.dcm
ReMIND-104,1.3.6.1.4.1.14519.5.2.1.45987955633414743654399273064651756927,303,tumor seg - MR ref: 3D_AX_T1_postcontrast,,,SEG,1,138,109,,,,,,"['DERIVED', 'PRIMARY']",/home/stud1/giri/projects/Dataset/remind/ReMIND-104/26551/56927/Preop SEG 001.dcm
ReMIND-104,1.3.6.1.4.1.14519.5.2.1.94738749194650796613737152286212800745,301,cerebrum seg - MR ref: 3D_AX_T1_postcontrast,,,SEG,1,394,334,,,,,,"['DERIVED', 'PRIMARY']",/home/stud1/giri/projects/Dataset/remind/ReMIND-104/26551/00745/Preop SEG 003.dcm
ReMIND-105,1.3.6.1.4.1.14519.5.2.1.11629474492434616092262448170879813111,2,US_post_dura,,,US,1,647,757,,,,,,"['DERIVED', 'PRIMARY', 'VOLUME', 'NONE']",/home/stud1/giri/projects/Dataset/remind/ReMIND-105/93602/13111/Intraop US 002.dcm
ReMIND-105,1.3.6.1.4.1.14519.5.2.1.121886198078959958523391725467784818541,4,2D_AX_T2_BLADE,,,MR,70,256,256,"[.859375004444023, .85937498489048]",2.0,1.0,,,"['ORIGINAL', 'PRIMARY', 'MPR']",/home/stud1/giri/projects/Dataset/remind/ReMIND-105/93602/18541/Intraop MR 224.dcm
ReMIND-105,1.3.6.1.4.1.14519.5.2.1.145215012214308619175013193073209443323,5,2D_AX_T2_FLAIR,,,MR,71,512,512,"[.42286005616188, .415504723787307]",3.33436,1.0,,,"['ORIGINAL', 'PRIMARY', 'MPR']",/home/stud1/giri/projects/Dataset/remind/ReMIND-105/93602/43323/Intraop MR 278.dcm
ReMIND-105,1.3.6.1.4.1.14519.5.2.1.178409997529858763529889888865577906327,2,3D_AX_T2_SPACE,,,MR,176,256,256,"[.976562474377032, .976562517341271]",1.0,1.0,,,"['ORIGINAL', 'PRIMARY', 'MPR']",/home/stud1/giri/projects/Dataset/remind/ReMIND-105/23734/06327/Preop MR 372.dcm
ReMIND-105,1.3.6.1.4.1.14519.5.2.1.238737227733259414761400521903145180611,1,3D_AX_T1_postcontrast,,,MR,192,256,216,"[1.01562499038137, 1.01562506836547]",1.0,1.0,,,"['ORIGINAL', 'PRIMARY', 'MPR']",/home/stud1/giri/projects/Dataset/remind/ReMIND-105/23734/80611/Preop MR 303.dcm
ReMIND-105,1.3.6.1.4.1.14519.5.2.1.294116558379325412692421714364006940132,3,US_pre_imri,,,US,1,649,753,,,,,,"['DERIVED', 'PRIMARY', 'VOLUME', 'NONE']",/home/stud1/giri/projects/Dataset/remind/ReMIND-105/93602/40132/Intraop US 001.dcm
ReMIND-105,1.3.6.1.4.1.14519.5.2.1.325446224823573569287602172317872693063,1,US_pre_dura,,,US,1,644,785,,,,,,"['DERIVED', 'PRIMARY', 'VOLUME', 'NONE']",/home/stud1/giri/projects/Dataset/remind/ReMIND-105/93602/93063/Intraop US 003.dcm
ReMIND-105,1.3.6.1.4.1.14519.5.2.1.47181436020266061576192221160490820299,301,cerebrum seg - MR ref: 3D_AX_T1_postcontrast,,,SEG,1,489,378,,,,,,"['DERIVED', 'PRIMARY']",/home/stud1/giri/projects/Dataset/remind/ReMIND-105/23734/20299/Preop SEG 002.dcm
ReMIND-105,1.3.6.1.4.1.14519.5.2.1.95546199519720204130110648921302741019,6,3D_AX_T2_SPACE,,,MR,176,256,256,"[.961219549179076, .944174468517303]",1.01039,1.0,,,"['ORIGINAL', 'PRIMARY', 'MPR']",/home/stud1/giri/projects/Dataset/remind/ReMIND-105/93602/41019/Intraop MR 010.dcm
ReMIND-105,1.3.6.1.4.1.14519.5.2.1.95792218624616277842819388012390015369,3,3D_SAG_T2_FLAIR,,,MR,176,256,240,"[1, 1]",1.0,1.0,,,"['ORIGINAL', 'PRIMARY', 'MPR']",/home/stud1/giri/projects/Dataset/remind/ReMIND-105/23734/15369/Preop MR 094.dcm
ReMIND-105,1.3.6.1.4.1.14519.5.2.1.99812121709641710022557404886896074415,303,tumor seg - MR ref: 3D_AX_T1_postcontrast,,,SEG,1,40,31,,,,,,"['DERIVED', 'PRIMARY']",/home/stud1/giri/projects/Dataset/remind/ReMIND-105/23734/74415/Preop SEG 001.dcm
ReMIND-106,1.3.6.1.4.1.14519.5.2.1.201905892304354104498882081113980636226,4,3D_AX_T1_postcontrast,,,MR,192,256,208,"[.999999988158102, .999999993852646]",0.999998,1.0,,,"['ORIGINAL', 'PRIMARY', 'MPR']",/home/stud1/giri/projects/Dataset/remind/ReMIND-106/85470/36226/Preop MR 094.dcm
ReMIND-106,1.3.6.1.4.1.14519.5.2.1.202588858030681867563268871964508761649,3,2D_COR_T2_BLADE,,,MR,76,512,512,"[.390625001495608, .390624988129396]",2.5,1.0,,,"['ORIGINAL', 'PRIMARY', 'MPR']",/home/stud1/giri/projects/Dataset/remind/ReMIND-106/85470/61649/Preop MR 303.dcm
ReMIND-106,1.3.6.1.4.1.14519.5.2.1.231056008230397641657449821889993960381,300,ventricles seg - MR ref: 3D_AX_T1_postcontrast,,,SEG,1,200,142,,,,,,"['DERIVED', 'PRIMARY']",/home/stud1/giri/projects/Dataset/remind/ReMIND-106/85470/60381/Preop SEG 002.dcm
ReMIND-106,1.3.6.1.4.1.14519.5.2.1.241334471827869432616792226828288731644,4,2D_AX_T2_BLADE,,,MR,70,256,256,"[.859375111470903, .859374979490109]",2.0,1.0,,,"['ORIGINAL', 'PRIMARY', 'MPR']",/home/stud1/giri/projects/Dataset/remind/ReMIND-106/18988/31644/Intraop MR 224.dcm
ReMIND-106,1.3.6.1.4.1.14519.5.2.1.243851414656299545823604563965271699617,3,US_pre_imri,,,US,1,778,783,,,,,,"['DERIVED', 'PRIMARY', 'VOLUME', 'NONE']",/home/stud1/giri/projects/Dataset/remind/ReMIND-106/18988/99617/Intraop US 002.dcm
ReMIND-106,1.3.6.1.4.1.14519.5.2.1.259080187653769250397302056729129972703,5,3D_AX_T2_SPACE,,,MR,192,256,256,"[.97656257263381, .976562635141767]",1.0,1.0,,,"['ORIGINAL', 'PRIMARY', 'MPR']",/home/stud1/giri/projects/Dataset/remind/ReMIND-106/85470/72703/Preop MR 372.dcm
ReMIND-106,1.3.6.1.4.1.14519.5.2.1.304956174426870126481642669784274153861,2,US_post_dura,,,US,1,704,817,,,,,,"['DERIVED', 'PRIMARY', 'VOLUME', 'NONE']",/home/stud1/giri/projects/Dataset/remind/ReMIND-106/18988/53861/Intraop US 001.dcm
ReMIND-106,1.3.6.1.4.1.14519.5.2.1.310587610667745644843693895386016669250,2,2D_AX_T2_FLAIR,,,MR,42,320,270,"[.750000096680641, .750000039480436]",4.0,1.0,,,"['ORIGINAL', 'PRIMARY', 'MPR']",/home/stud1/giri/projects/Dataset/remind/ReMIND-106/85470/69250/Preop MR 230.dcm
ReMIND-106,1.3.6.1.4.1.14519.5.2.1.310898522192448290795204695085676389172,302,previous_resection_cavity seg - MR ref: 3D_AX_T1_postcontrast,,,SEG,1,39,27,,,,,,"['DERIVED', 'PRIMARY']",/home/stud1/giri/projects/Dataset/remind/ReMIND-106/85470/89172/Preop SEG 004.dcm
ReMIND-106,1.3.6.1.4.1.14519.5.2.1.327872527208561368271735022701810088679,1,2D_AX_T2_BLADE,,,MR,62,512,512,"[.41015628433421, .410156245412854]",2.5,1.0,,,"['ORIGINAL', 'PRIMARY', 'MPR']",/home/stud1/giri/projects/Dataset/remind/ReMIND-106/85470/88679/Preop MR 553.dcm
ReMIND-106,1.3.6.1.4.1.14519.5.2.1.35774634709041446005048925140347499531,303,tumor seg - MR ref: 3D_AX_T2_SPACE,,,SEG,1,43,44,,,,,,"['DERIVED', 'PRIMARY']",/home/stud1/giri/projects/Dataset/remind/ReMIND-106/85470/99531/Preop SEG 003.dcm
ReMIND-106,1.3.6.1.4.1.14519.5.2.1.51458568334446812903369343309743783820,305,tumor_residual seg - MR ref: 3D_SAG_T2_FLAIR,,,SEG,1,48,41,,,,,,"['DERIVED', 'PRIMARY']",/home/stud1/giri/projects/Dataset/remind/ReMIND-106/18988/83820/Intraop SEG 001.dcm
ReMIND-106,1.3.6.1.4.1.14519.5.2.1.61279003189055761813000329987048033495,5,3D_SAG_T2_FLAIR,,,MR,176,512,512,"[.488281262888447, .488281242262789]",1.0,1.0,,,"['ORIGINAL', 'PRIMARY', 'MPR']",/home/stud1/giri/projects/Dataset/remind/ReMIND-106/18988/33495/Intraop MR 010.dcm
ReMIND-106,1.3.6.1.4.1.14519.5.2.1.69812301876352247905748705545149216216,301,cerebrum seg - MR ref: 3D_AX_T1_postcontrast,,,SEG,1,330,256,,,,,,"['DERIVED', 'PRIMARY']",/home/stud1/giri/projects/Dataset/remind/ReMIND-106/85470/16216/Preop SEG 001.dcm
ReMIND-107,1.3.6.1.4.1.14519.5.2.1.102925332328079297691138177434643805252,1,US_pre_dura,,,US,1,581,717,,,,,,"['DERIVED', 'PRIMARY', 'VOLUME', 'NONE']",/home/stud1/giri/projects/Dataset/remind/ReMIND-107/96079/05252/Intraop US 003.dcm
ReMIND-107,1.3.6.1.4.1.14519.5.2.1.122031566038016664546832917785886643537,303,tumor seg - MR ref: 3D_AX_T1_postcontrast,,,SEG,1,33,38,,,,,,"['DERIVED', 'PRIMARY']",/home/stud1/giri/projects/Dataset/remind/ReMIND-107/96079/43537/Intraop SEG 001.dcm
ReMIND-107,1.3.6.1.4.1.14519.5.2.1.199784211762525874662767773898278762550,2,US_post_dura,,,US,1,700,711,,,,,,"['DERIVED', 'PRIMARY', 'VOLUME', 'NONE']",/home/stud1/giri/projects/Dataset/remind/ReMIND-107/96079/62550/Intraop US 002.dcm
ReMIND-107,1.3.6.1.4.1.14519.5.2.1.2145614682486830951963115461619915956,303,tumor seg - MR ref: 3D_AX_T1_postcontrast,,,SEG,1,22,25,,,,,,"['DERIVED', 'PRIMARY']",/home/stud1/giri/projects/Dataset/remind/ReMIND-107/06755/15956/Preop SEG 002.dcm
ReMIND-107,1.3.6.1.4.1.14519.5.2.1.223650328696369322786845924093053010382,3,3D_AX_T1_postcontrast,,,MR,192,256,216,"[.9765625, .9765625]",1.0,1.0,,,"['ORIGINAL', 'PRIMARY', 'MPR']",/home/stud1/giri/projects/Dataset/remind/ReMIND-107/06755/10382/Preop MR 094.dcm
ReMIND-107,1.3.6.1.4.1.14519.5.2.1.266338589508327050927252272635445251696,301,cerebrum seg - MR ref: 3D_AX_T1_postcontrast,,,SEG,1,348,264,,,,,,"['DERIVED', 'PRIMARY']",/home/stud1/giri/projects/Dataset/remind/ReMIND-107/06755/51696/Preop SEG 003.dcm
ReMIND-107,1.3.6.1.4.1.14519.5.2.1.269273660244939604544656094322892227679,300,ventricles seg - MR ref: 3D_AX_T1_postcontrast,,,SEG,1,228,152,,,,,,"['DERIVED', 'PRIMARY']",/home/stud1/giri/projects/Dataset/remind/ReMIND-107/06755/27679/Preop SEG 001.dcm
ReMIND-107,1.3.6.1.4.1.14519.5.2.1.300037196101186366194426991922397556171,4,2D_AX_T2_BLADE,,,MR,70,256,256,"[.859375073396901, .859375010351124]",2.0,1.0,,,"['ORIGINAL', 'PRIMARY', 'MPR']",/home/stud1/giri/projects/Dataset/remind/ReMIND-107/96079/56171/Intraop MR 010.dcm
ReMIND-107,1.3.6.1.4.1.14519.5.2.1.302671038458248555155126175101853726564,1,2D_AX_T2,,,MR,30,896,784,"[.23437499614683, .234375002156695]",5.0,1.0,,,"['ORIGINAL', 'PRIMARY', 'MPR']",/home/stud1/giri/projects/Dataset/remind/ReMIND-107/06755/26564/Preop MR 230.dcm
ReMIND-107,1.3.6.1.4.1.14519.5.2.1.310103882290276507613664303746502063538,2,2D_AX_T2_FLAIR,,,MR,31,320,280,"[.65625003331526, .656250008085902]",5.0,1.0,,,"['ORIGINAL', 'PRIMARY', 'MPR']",/home/stud1/giri/projects/Dataset/remind/ReMIND-107/06755/63538/Preop MR 012.dcm
ReMIND-107,1.3.6.1.4.1.14519.5.2.1.317295150877777668414412921967872067054,3,US_pre_imri,,,US,1,723,739,,,,,,"['DERIVED', 'PRIMARY', 'VOLUME', 'NONE']",/home/stud1/giri/projects/Dataset/remind/ReMIND-107/96079/67054/Intraop US 001.dcm
ReMIND-107,1.3.6.1.4.1.14519.5.2.1.410984037290126816913948487096008345,5,3D_AX_T1_postcontrast,,,MR,176,256,256,"[1.00000000291513, 1.0000000224171]",1.0,1.0,,,"['ORIGINAL', 'PRIMARY', 'MPR']",/home/stud1/giri/projects/Dataset/remind/ReMIND-107/96079/08345/Intraop MR 224.dcm
ReMIND-108,1.3.6.1.4.1.14519.5.2.1.125446008082780908393278456818915598455,303,tumor seg - MR ref: 2D_AX_T2_FLAIR,,,SEG,1,81,47,,,,,,"['DERIVED', 'PRIMARY']",/home/stud1/giri/projects/Dataset/remind/ReMIND-108/69615/98455/Preop SEG 001.dcm
ReMIND-108,1.3.6.1.4.1.14519.5.2.1.153688105305519810510843967572304997847,4,2D_AX_T2_BLADE,,,MR,70,256,256,"[.859374999999999, .859375]",2.0,1.0,,,"['ORIGINAL', 'PRIMARY', 'MPR']",/home/stud1/giri/projects/Dataset/remind/ReMIND-108/35421/97847/Intraop MR 224.dcm
ReMIND-108,1.3.6.1.4.1.14519.5.2.1.194302164967721179005497392255773360705,1,US_pre_dura,,,US,1,637,725,,,,,,"['DERIVED', 'PRIMARY', 'VOLUME', 'NONE']",/home/stud1/giri/projects/Dataset/remind/ReMIND-108/35421/60705/Intraop US 002.dcm
ReMIND-108,1.3.6.1.4.1.14519.5.2.1.222287044461506488453008964338486270205,301,cerebrum seg - MR ref: 3D_AX_T1_postcontrast,,,SEG,1,560,437,,,,,,"['DERIVED', 'PRIMARY']",/home/stud1/giri/projects/Dataset/remind/ReMIND-108/69615/70205/Preop SEG 003.dcm
ReMIND-108,1.3.6.1.4.1.14519.5.2.1.222421180864523942778159949600381271568,5,3D_AX_T1_postcontrast,,,MR,176,256,256,"[.999999990177598, 1.00000002159475]",1.2,1.0,,,"['ORIGINAL', 'PRIMARY', 'MPR']",/home/stud1/giri/projects/Dataset/remind/ReMIND-108/35421/71568/Intraop MR 010.dcm
ReMIND-108,1.3.6.1.4.1.14519.5.2.1.257912768878935173288151727540832738392,300,ventricles seg - MR ref: 3D_AX_T1_postcontrast,,,SEG,1,352,232,,,,,,"['DERIVED', 'PRIMARY']",/home/stud1/giri/projects/Dataset/remind/ReMIND-108/69615/38392/Preop SEG 002.dcm
ReMIND-108,1.3.6.1.4.1.14519.5.2.1.262892059263543734834463419322576983188,2,3D_AX_T1_postcontrast,,,MR,180,240,240,"[.999999971565462, 1.00000000429666]",1.0,1.0,,,"['ORIGINAL', 'PRIMARY', 'MPR']",/home/stud1/giri/projects/Dataset/remind/ReMIND-108/69615/83188/Preop MR 094.dcm
ReMIND-108,1.3.6.1.4.1.14519.5.2.1.29267862958485597990481074802109071346,2,US_post_dura,,,US,1,603,705,,,,,,"['DERIVED', 'PRIMARY', 'VOLUME', 'NONE']",/home/stud1/giri/projects/Dataset/remind/ReMIND-108/35421/71346/Intraop US 001.dcm
ReMIND-108,1.3.6.1.4.1.14519.5.2.1.312193480508165498703533287644043740517,3,US_pre_imri,,,US,1,578,714,,,,,,"['DERIVED', 'PRIMARY', 'VOLUME', 'NONE']",/home/stud1/giri/projects/Dataset/remind/ReMIND-108/35421/40517/Intraop US 003.dcm
ReMIND-108,1.3.6.1.4.1.14519.5.2.1.68055143982928128013164527317260377697,1,2D_AX_T2_FLAIR,,,MR,15,256,256,"[.937499999999997, .937499999999997]",5.0,1.0,,,"['ORIGINAL', 'PRIMARY', 'MPR']",/home/stud1/giri/projects/Dataset/remind/ReMIND-108/69615/77697/Preop MR 012.dcm
ReMIND-109,1.3.6.1.4.1.14519.5.2.1.172490382165499162250874242972474674979,2,US_post_dura,,,US,1,695,837,,,,,,"['DERIVED', 'PRIMARY', 'VOLUME', 'NONE']",/home/stud1/giri/projects/Dataset/remind/ReMIND-109/92522/74979/Intraop US 003.dcm
ReMIND-109,1.3.6.1.4.1.14519.5.2.1.175936698967570080126246050102110451728,3,3D_AX_T2_SPACE,,,MR,192,256,256,"[.976562573346897, .976562491280974]",1.0,1.0,,,"['ORIGINAL', 'PRIMARY', 'MPR']",/home/stud1/giri/projects/Dataset/remind/ReMIND-109/71914/51728/Preop MR 094.dcm
ReMIND-109,1.3.6.1.4.1.14519.5.2.1.190964730535458665411541611988822968896,4,2D_AX_T2_BLADE,,,MR,78,256,256,"[.859375048922318, .859374996284329]",2.0,1.0,,,"['ORIGINAL', 'PRIMARY', 'MPR']",/home/stud1/giri/projects/Dataset/remind/ReMIND-109/92522/68896/Intraop MR 224.dcm
ReMIND-109,1.3.6.1.4.1.14519.5.2.1.194107453866934079857200785142975697749,1,3D_AX_T1_postcontrast,,,MR,350,352,352,"[.795454557488656, .795454531901605]",0.9,1.0,,,"['ORIGINAL', 'PRIMARY', 'MPR']",/home/stud1/giri/projects/Dataset/remind/ReMIND-109/71914/97749/Preop MR 303.dcm
ReMIND-109,1.3.6.1.4.1.14519.5.2.1.235760018602270446597303947711099680288,303,tumor seg - MR ref: 3D_AX_T1_postcontrast,,,SEG,1,73,38,,,,,,"['DERIVED', 'PRIMARY']",/home/stud1/giri/projects/Dataset/remind/ReMIND-109/71914/80288/Preop SEG 001.dcm
ReMIND-109,1.3.6.1.4.1.14519.5.2.1.259028825005720751880427134223185996077,5,3D_SAG_T2_FLAIR,,,MR,181,512,514,"[.488281251029898, .488281270372285]",1.0,1.0,,,"['ORIGINAL', 'PRIMARY', 'MPR']",/home/stud1/giri/projects/Dataset/remind/ReMIND-109/92522/96077/Intraop MR 010.dcm
ReMIND-109,1.3.6.1.4.1.14519.5.2.1.271175627631071541905633296167297612827,3,US_pre_imri,,,US,1,699,740,,,,,,"['DERIVED', 'PRIMARY', 'VOLUME', 'NONE']",/home/stud1/giri/projects/Dataset/remind/ReMIND-109/92522/12827/Intraop US 001.dcm
ReMIND-109,1.3.6.1.4.1.14519.5.2.1.335667897136868965485504701270684356575,1,US_pre_dura,,,US,1,692,884,,,,,,"['DERIVED', 'PRIMARY', 'VOLUME', 'NONE']",/home/stud1/giri/projects/Dataset/remind/ReMIND-109/92522/56575/Intraop US 002.dcm
ReMIND-109,1.3.6.1.4.1.14519.5.2.1.61515282255267292127249531470857865214,2,3D_AX_T2_FLAIR,,,MR,350,560,560,"[.500000013599855, .499999987924967]",0.9,1.0,,,"['ORIGINAL', 'PRIMARY', 'MPR']",/home/stud1/giri/projects/Dataset/remind/ReMIND-109/71914/65214/Preop MR 553.dcm
ReMIND-110,1.3.6.1.4.1.14519.5.2.1.110653731699419414907665645898164757511,303,tumor seg - MR ref: 3D_AX_T1_postcontrast,,,SEG,1,55,41,,,,,,"['DERIVED', 'PRIMARY']",/home/stud1/giri/projects/Dataset/remind/ReMIND-110/64120/57511/Preop SEG 001.dcm
ReMIND-110,1.3.6.1.4.1.14519.5.2.1.13399625326931888988501922635321914389,6,3D_SAG_T1_MP2RAGE,,,MR,176,256,240,"[.999999980228732, 1.000000022158]",1.0,1.0,,,"['ORIGINAL', 'PRIMARY', 'MPR']",/home/stud1/giri/projects/Dataset/remind/ReMIND-110/94731/14389/Intraop MR 373.dcm
ReMIND-110,1.3.6.1.4.1.14519.5.2.1.143822537397792974937792828054343479598,2,US_post_dura,,,US,1,593,742,,,,,,"['DERIVED', 'PRIMARY', 'VOLUME', 'NONE']",/home/stud1/giri/projects/Dataset/remind/ReMIND-110/94731/79598/Intraop US 003.dcm
ReMIND-110,1.3.6.1.4.1.14519.5.2.1.176615104785467911263183553602382858728,3,US_pre_imri,,,US,1,625,771,,,,,,"['DERIVED', 'PRIMARY', 'VOLUME', 'NONE']",/home/stud1/giri/projects/Dataset/remind/ReMIND-110/94731/58728/Intraop US 002.dcm
ReMIND-110,1.3.6.1.4.1.14519.5.2.1.183403982105421200851428412291618917739,5,2D_COR_T2_BLADE,,,MR,70,256,256,"[.859375006204114, .859375018030279]",3.0,1.0,,,"['ORIGINAL', 'PRIMARY', 'MPR']",/home/stud1/giri/projects/Dataset/remind/ReMIND-110/94731/17739/Intraop MR 224.dcm
ReMIND-110,1.3.6.1.4.1.14519.5.2.1.186441921247461221532035539940949799078,4,3D_SAG_T1_MP2RAGE,,,MR,192,256,256,"[1.00000000298118, .999999988622988]",1.0,1.0,,,"['ORIGINAL', 'PRIMARY', 'MPR']",/home/stud1/giri/projects/Dataset/remind/ReMIND-110/64120/99078/Preop MR 303.dcm
ReMIND-110,1.3.6.1.4.1.14519.5.2.1.223550059308954242101797620720867911711,7,3D_SAG_T2_FLAIR,,,MR,176,512,512,"[.488281294584335, .488281237494314]",1.0,1.0,,,"['ORIGINAL', 'PRIMARY', 'MPR']",/home/stud1/giri/projects/Dataset/remind/ReMIND-110/94731/11711/Intraop MR 010.dcm
ReMIND-110,1.3.6.1.4.1.14519.5.2.1.225220257445339153402694125040918586555,3,3D_AX_T2_SPACE,,,MR,192,256,256,"[.976562507884717, .976562586927]",1.0,1.0,,,"['ORIGINAL', 'PRIMARY', 'MPR']",/home/stud1/giri/projects/Dataset/remind/ReMIND-110/64120/86555/Preop MR 094.dcm
ReMIND-110,1.3.6.1.4.1.14519.5.2.1.255955012236798575968340501619294477018,4,2D_AX_T2_BLADE,,,MR,70,256,256,"[.859375010185421, .859375007248892]",2.0,1.0,,,"['ORIGINAL', 'PRIMARY', 'MPR']",/home/stud1/giri/projects/Dataset/remind/ReMIND-110/94731/77018/Intraop MR 278.dcm
ReMIND-110,1.3.6.1.4.1.14519.5.2.1.29868932565536420952881414244648622725,1,US_pre_dura,,,US,1,587,705,,,,,,"['DERIVED', 'PRIMARY', 'VOLUME', 'NONE']",/home/stud1/giri/projects/Dataset/remind/ReMIND-110/94731/22725/Intraop US 001.dcm
ReMIND-110,1.3.6.1.4.1.14519.5.2.1.310198962777743962403859052092748365879,1,2D_AX_T2_FLAIR,,,MR,33,320,280,"[.656250018169418, .656249996166564]",5.0,1.0,,,"['ORIGINAL', 'PRIMARY', 'MPR']",/home/stud1/giri/projects/Dataset/remind/ReMIND-110/64120/65879/Preop MR 208.dcm
ReMIND-110,1.3.6.1.4.1.14519.5.2.1.315563501939094117870648376527047207915,305,tumor_residual seg - MR ref: 3D_SAG_T2_FLAIR,,,SEG,1,55,38,,,,,,"['DERIVED', 'PRIMARY']",/home/stud1/giri/projects/Dataset/remind/ReMIND-110/94731/07915/Intraop SEG 001.dcm
ReMIND-110,1.3.6.1.4.1.14519.5.2.1.53192901513401201596186519378010144258,2,3D_AX_T1_postcontrast,,,MR,176,256,216,"[.976562520004909, .976562489247909]",1.0,1.0,,,"['ORIGINAL', 'PRIMARY', 'MPR']",/home/stud1/giri/projects/Dataset/remind/ReMIND-110/64120/44258/Preop MR 553.dcm
ReMIND-110,1.3.6.1.4.1.14519.5.2.1.74211467862901806198586347594470705712,301,cerebrum seg - MR ref: 3D_AX_T1_postcontrast,,,SEG,1,362,276,,,,,,"['DERIVED', 'PRIMARY']",/home/stud1/giri/projects/Dataset/remind/ReMIND-110/64120/05712/Preop SEG 002.dcm
ReMIND-111,1.3.6.1.4.1.14519.5.2.1.119183454966747263877381603002875302382,2,2D_AX_T2_FLAIR,,,MR,55,256,256,"[1.00000000348382, 1.00000000000981]",3.00283,1.0,,,"['ORIGINAL', 'PRIMARY', 'MPR']",/home/stud1/giri/projects/Dataset/remind/ReMIND-111/58058/02382/Preop MR 230.dcm
ReMIND-111,1.3.6.1.4.1.14519.5.2.1.224479522551524993689982220593224143902,2,US_post_dura,,,US,1,673,735,,,,,,"['DERIVED', 'PRIMARY', 'VOLUME', 'NONE']",/home/stud1/giri/projects/Dataset/remind/ReMIND-111/53926/43902/Intraop US 003.dcm
ReMIND-111,1.3.6.1.4.1.14519.5.2.1.245800701890634038291771620893835682718,7,3D_AX_T1_precontrast,,,MR,176,256,256,"[1, .999999999999999]",1.2,1.0,,,"['ORIGINAL', 'PRIMARY', 'MPR']",/home/stud1/giri/projects/Dataset/remind/ReMIND-111/53926/82718/Intraop MR 224.dcm
ReMIND-111,1.3.6.1.4.1.14519.5.2.1.25141653747291392120632796828674765366,6,2D_COR_T2_FLAIR,,,MR,74,512,512,"[.429687499999999, .429687499999999]",3.3,1.0,,,"['ORIGINAL', 'PRIMARY', 'MPR']",/home/stud1/giri/projects/Dataset/remind/ReMIND-111/53926/65366/Intraop MR 010.dcm
ReMIND-111,1.3.6.1.4.1.14519.5.2.1.282240510465498571364404703215681498993,4,2D_AX_T2_BLADE,,,MR,70,256,256,"[.859375000000001, .859375]",2.0,1.0,,,"['ORIGINAL', 'PRIMARY', 'MPR']",/home/stud1/giri/projects/Dataset/remind/ReMIND-111/53926/98993/Intraop MR 373.dcm
ReMIND-111,1.3.6.1.4.1.14519.5.2.1.300677017419606223587569147681036394233,3,US_pre_imri,,,US,1,628,758,,,,,,"['DERIVED', 'PRIMARY', 'VOLUME', 'NONE']",/home/stud1/giri/projects/Dataset/remind/ReMIND-111/53926/94233/Intraop US 002.dcm
ReMIND-111,1.3.6.1.4.1.14519.5.2.1.338309633060007278861079800767930284189,1,2D_AX_T2,,,MR,30,896,840,"[.23437501313131, .234375002751175]",5.0,1.0,,,"['ORIGINAL', 'PRIMARY', 'MPR']",/home/stud1/giri/projects/Dataset/remind/ReMIND-111/58058/84189/Preop MR 244.dcm
ReMIND-111,1.3.6.1.4.1.14519.5.2.1.34115718858489589275987219088845309684,5,2D_AX_T2_FLAIR,,,MR,74,512,512,"[.429687499999999, .4296875]",3.3,1.0,,,"['ORIGINAL', 'PRIMARY', 'MPR']",/home/stud1/giri/projects/Dataset/remind/ReMIND-111/53926/09684/Intraop MR 278.dcm
ReMIND-111,1.3.6.1.4.1.14519.5.2.1.38973421381322013574307741614346739047,3,3D_AX_T1_postcontrast,,,MR,176,256,216,"[.9765625, .9765625]",1.0,1.0,,,"['ORIGINAL', 'PRIMARY', 'MPR']",/home/stud1/giri/projects/Dataset/remind/ReMIND-111/58058/39047/Preop MR 094.dcm
ReMIND-111,1.3.6.1.4.1.14519.5.2.1.78926917822985260282709526837631151120,1,US_pre_dura,,,US,1,576,714,,,,,,"['DERIVED', 'PRIMARY', 'VOLUME', 'NONE']",/home/stud1/giri/projects/Dataset/remind/ReMIND-111/53926/51120/Intraop US 001.dcm
ReMIND-111,1.3.6.1.4.1.14519.5.2.1.94189152634477411948925487513106671905,303,tumor seg - MR ref: 2D_AX_T2_FLAIR,,,SEG,1,37,40,,,,,,"['DERIVED', 'PRIMARY']",/home/stud1/giri/projects/Dataset/remind/ReMIND-111/58058/71905/Preop SEG 001.dcm
ReMIND-112,1.3.6.1.4.1.14519.5.2.1.105549045258193438314423351093686531701,5,2D_AX_T2_FLAIR,,,MR,74,512,512,"[.429687506470819, .429687525732709]",3.3,1.0,,,"['ORIGINAL', 'PRIMARY', 'MPR']",/home/stud1/giri/projects/Dataset/remind/ReMIND-112/94137/31701/Intraop MR 010.dcm
ReMIND-112,1.3.6.1.4.1.14519.5.2.1.143754239163889583939676756935630193331,4,2D_AX_T2_BLADE,,,MR,70,256,256,"[.859375030667127, .859375043403903]",2.0,1.0,,,"['ORIGINAL', 'PRIMARY', 'MPR']",/home/stud1/giri/projects/Dataset/remind/ReMIND-112/94137/93331/Intraop MR 278.dcm
ReMIND-112,1.3.6.1.4.1.14519.5.2.1.149363675038401152504881840275861501479,2,3D_AX_T1_postcontrast,,,MR,192,256,224,"[.976562586576458, .976562580290776]",1.0,1.0,,,"['ORIGINAL', 'PRIMARY', 'MPR']",/home/stud1/giri/projects/Dataset/remind/ReMIND-112/01473/01479/Preop MR 303.dcm
ReMIND-112,1.3.6.1.4.1.14519.5.2.1.154095227150396267523398696097990949797,2,US_post_dura,,,US,1,640,795,,,,,,"['DERIVED', 'PRIMARY', 'VOLUME', 'NONE']",/home/stud1/giri/projects/Dataset/remind/ReMIND-112/94137/49797/Intraop US 003.dcm
ReMIND-112,1.3.6.1.4.1.14519.5.2.1.178043103310287778641715382113818767253,1,US_pre_dura,,,US,1,674,784,,,,,,"['DERIVED', 'PRIMARY', 'VOLUME', 'NONE']",/home/stud1/giri/projects/Dataset/remind/ReMIND-112/94137/67253/Intraop US 002.dcm
ReMIND-112,1.3.6.1.4.1.14519.5.2.1.191578194511425260094324700383608329501,6,3D_AX_T1_postcontrast,,,MR,176,256,256,"[1.00000001622042, .999999983506723]",1.2,1.0,,,"['ORIGINAL', 'PRIMARY', 'MPR']",/home/stud1/giri/projects/Dataset/remind/ReMIND-112/94137/29501/Intraop MR 224.dcm
ReMIND-112,1.3.6.1.4.1.14519.5.2.1.192399908920706981998202479869277536793,301,cerebrum seg - MR ref: 3D_AX_T1_postcontrast,,,SEG,1,495,426,,,,,,"['DERIVED', 'PRIMARY']",/home/stud1/giri/projects/Dataset/remind/ReMIND-112/01473/36793/Preop SEG 001.dcm
ReMIND-112,1.3.6.1.4.1.14519.5.2.1.203121409189853625016884402621939834682,300,ventricles seg - MR ref: 3D_AX_T1_postcontrast,,,SEG,1,312,237,,,,,,"['DERIVED', 'PRIMARY']",/home/stud1/giri/projects/Dataset/remind/ReMIND-112/01473/34682/Preop SEG 003.dcm
ReMIND-112,1.3.6.1.4.1.14519.5.2.1.263385252180162441517111510175710699396,1,2D_AX_T2_FLAIR,,,MR,28,320,270,"[.656250004848383, .65625002422635]",6.0,1.0,,,"['ORIGINAL', 'PRIMARY', 'MPR']",/home/stud1/giri/projects/Dataset/remind/ReMIND-112/01473/99396/Preop MR 201.dcm
ReMIND-112,1.3.6.1.4.1.14519.5.2.1.290960564453598829563100428812462958889,3,US_pre_imri,,,US,1,636,745,,,,,,"['DERIVED', 'PRIMARY', 'VOLUME', 'NONE']",/home/stud1/giri/projects/Dataset/remind/ReMIND-112/94137/58889/Intraop US 001.dcm
ReMIND-112,1.3.6.1.4.1.14519.5.2.1.35133782021707444549061972244293747665,3,3D_SAG_T2,,,MR,176,512,464,"[.507812503184086, .507812495838105]",1.0,1.0,,,"['ORIGINAL', 'PRIMARY', 'MPR']",/home/stud1/giri/projects/Dataset/remind/ReMIND-112/01473/47665/Preop MR 094.dcm
ReMIND-112,1.3.6.1.4.1.14519.5.2.1.42558708753034405534775358632705886085,303,tumor seg - MR ref: 3D_AX_T1_postcontrast,,,SEG,1,53,48,,,,,,"['DERIVED', 'PRIMARY']",/home/stud1/giri/projects/Dataset/remind/ReMIND-112/01473/86085/Preop SEG 002.dcm
ReMIND-113,1.3.6.1.4.1.14519.5.2.1.132244421230715647163972775040692008546,2,US_post_dura,,,US,1,664,799,,,,,,"['DERIVED', 'PRIMARY', 'VOLUME', 'NONE']",/home/stud1/giri/projects/Dataset/remind/ReMIND-113/34216/08546/Intraop US 002.dcm
ReMIND-113,1.3.6.1.4.1.14519.5.2.1.184899690769446574907185071301833648226,3,3D_AX_T1_postcontrast,,,MR,110,512,512,"[.500000006298089, .49999998941829]",1.5,1.0,,,"['ORIGINAL', 'PRIMARY', 'MPR']",/home/stud1/giri/projects/Dataset/remind/ReMIND-113/11778/48226/Preop MR 094.dcm
ReMIND-113,1.3.6.1.4.1.14519.5.2.1.218909927834471566887443302796135675987,1,US_pre_dura,,,US,1,628,927,,,,,,"['DERIVED', 'PRIMARY', 'VOLUME', 'NONE']",/home/stud1/giri/projects/Dataset/remind/ReMIND-113/34216/75987/Intraop US 001.dcm
ReMIND-113,1.3.6.1.4.1.14519.5.2.1.261842420738757615976596148375041470732,2,2D_AX_T2_FLAIR,,,MR,24,512,512,"[.429699990172751, .4296999977212]",6.99999,1.0,,,"['ORIGINAL', 'PRIMARY', 'MPR']",/home/stud1/giri/projects/Dataset/remind/ReMIND-113/11778/70732/Preop MR 144.dcm
ReMIND-113,1.3.6.1.4.1.14519.5.2.1.275817376750961541236211487110113859214,301,cerebrum seg - MR ref: 3D_AX_T1_postcontrast,,,SEG,1,558,436,,,,,,"['DERIVED', 'PRIMARY']",/home/stud1/giri/projects/Dataset/remind/ReMIND-113/11778/59214/Preop SEG 001.dcm
ReMIND-113,1.3.6.1.4.1.14519.5.2.1.285466673599104789497387859350392030650,3,US_pre_imri,,,US,1,667,807,,,,,,"['DERIVED', 'PRIMARY', 'VOLUME', 'NONE']",/home/stud1/giri/projects/Dataset/remind/ReMIND-113/34216/30650/Intraop US 003.dcm
ReMIND-113,1.3.6.1.4.1.14519.5.2.1.323285174863489903773165767688011959163,1,2D_AX_T2,,,MR,24,512,512,"[.429699997843755, .429700001375979]",7.0,1.0,,,"['ORIGINAL', 'PRIMARY', 'MPR']",/home/stud1/giri/projects/Dataset/remind/ReMIND-113/11778/59163/Preop MR 012.dcm
ReMIND-113,1.3.6.1.4.1.14519.5.2.1.339075748408714105968374216667023781519,303,tumor seg - MR ref: 3D_AX_T1_postcontrast,,,SEG,1,110,76,,,,,,"['DERIVED', 'PRIMARY']",/home/stud1/giri/projects/Dataset/remind/ReMIND-113/11778/81519/Preop SEG 002.dcm
ReMIND-113,1.3.6.1.4.1.14519.5.2.1.43524732775052304861868930351321388502,5,3D_AX_T1_postcontrast,,,MR,192,256,256,"[.93750001446081, .937499988063884]",1.0,1.0,,,"['ORIGINAL', 'PRIMARY', 'MPR']",/home/stud1/giri/projects/Dataset/remind/ReMIND-113/34216/88502/Intraop MR 224.dcm
ReMIND-113,1.3.6.1.4.1.14519.5.2.1.81382675664090688220154470050050550268,4,2D_AX_T2_BLADE,,,MR,73,256,256,"[.859375006846492, .859375053359914]",2.0,1.0,,,"['ORIGINAL', 'PRIMARY', 'MPR']",/home/stud1/giri/projects/Dataset/remind/ReMIND-113/34216/50268/Intraop MR 010.dcm
ReMIND-114,1.3.6.1.4.1.14519.5.2.1.11846303141267075853538543303791885152,4,3D_AX_T1_MP2RAGE,,,MR,176,256,280,"[.999999990989593, 1.0000000073338]",1.0,1.0,,,"['ORIGINAL', 'PRIMARY', 'MPR']",/home/stud1/giri/projects/Dataset/remind/ReMIND-114/61204/85152/Preop MR 372.dcm
ReMIND-114,1.3.6.1.4.1.14519.5.2.1.121839539396740237816993811842539980709,2,US_post_dura,,,US,1,786,766,,,,,,"['DERIVED', 'PRIMARY', 'VOLUME', 'NONE']",/home/stud1/giri/projects/Dataset/remind/ReMIND-114/76393/80709/Intraop US 002.dcm
ReMIND-114,1.3.6.1.4.1.14519.5.2.1.140709494211167387852633394317388520491,6,3D_AX_T2_SPACE,,,MR,192,256,256,"[.976562500476881, .976562488551892]",1.0,1.0,,,"['ORIGINAL', 'PRIMARY', 'MPR']",/home/stud1/giri/projects/Dataset/remind/ReMIND-114/61204/20491/Preop MR 094.dcm
ReMIND-114,1.3.6.1.4.1.14519.5.2.1.1717981383852474439877093700144922929,1,2D_AX_T2_BLADE,,,MR,60,384,384,"[.598958321790592, .598958319736356]",2.6,1.0,,,"['ORIGINAL', 'PRIMARY', 'MPR']",/home/stud1/giri/projects/Dataset/remind/ReMIND-114/61204/22929/Preop MR 303.dcm
ReMIND-114,1.3.6.1.4.1.14519.5.2.1.18091026401140014693040088292565561503,303,tumor seg - MR ref: 3D_AX_T2_SPACE,,,SEG,1,75,54,,,,,,"['DERIVED', 'PRIMARY']",/home/stud1/giri/projects/Dataset/remind/ReMIND-114/61204/61503/Preop SEG 001.dcm
ReMIND-114,1.3.6.1.4.1.14519.5.2.1.221430721480407364106359522733712061276,1,US_pre_dura,,,US,1,735,749,,,,,,"['DERIVED', 'PRIMARY', 'VOLUME', 'NONE']",/home/stud1/giri/projects/Dataset/remind/ReMIND-114/76393/61276/Intraop US 001.dcm
ReMIND-114,1.3.6.1.4.1.14519.5.2.1.246889640238921975751887585426027980706,4,2D_AX_T2_BLADE,,,MR,70,256,256,"[.859375014500193, .859375020822709]",2.0,1.0,,,"['ORIGINAL', 'PRIMARY', 'MPR']",/home/stud1/giri/projects/Dataset/remind/ReMIND-114/76393/80706/Intraop MR 224.dcm
ReMIND-114,1.3.6.1.4.1.14519.5.2.1.253236857130327028276624007105227997096,2,2D_AX_T2_FLAIR,,,MR,30,320,270,"[.718749986305424, .718750017246352]",6.0,1.0,,,"['ORIGINAL', 'PRIMARY', 'MPR']",/home/stud1/giri/projects/Dataset/remind/ReMIND-114/61204/97096/Preop MR 331.dcm
ReMIND-114,1.3.6.1.4.1.14519.5.2.1.313679738174026701762676640708325058333,5,3D_SAG_T2_FLAIR,,,MR,176,512,512,"[.488281257473073, .488281239250685]",1.0,1.0,,,"['ORIGINAL', 'PRIMARY', 'MPR']",/home/stud1/giri/projects/Dataset/remind/ReMIND-114/76393/58333/Intraop MR 010.dcm
ReMIND-114,1.3.6.1.4.1.14519.5.2.1.72427668445815910518784647161452765444,3,2D_SAG_T2_BLADE,,,MR,60,384,384,"[.598958339276304, .598958329286566]",2.6,1.0,,,"['ORIGINAL', 'PRIMARY', 'MPR']",/home/stud1/giri/projects/Dataset/remind/ReMIND-114/61204/65444/Preop MR 048.dcm
ReMIND-114,1.3.6.1.4.1.14519.5.2.1.82178928046233960119845908788196152763,3,US_pre_imri,,,US,1,778,858,,,,,,"['DERIVED', 'PRIMARY', 'VOLUME', 'NONE']",/home/stud1/giri/projects/Dataset/remind/ReMIND-114/76393/52763/Intraop US 003.dcm
ReMIND-114,1.3.6.1.4.1.14519.5.2.1.86517428289577668814074936919400865455,5,3D_AX_T1_postcontrast,,,MR,192,256,224,"[1.01562498241496, 1.01562500132064]",1.0,1.0,,,"['ORIGINAL', 'PRIMARY', 'MPR']",/home/stud1/giri/projects/Dataset/remind/ReMIND-114/61204/65455/Preop MR 553.dcm
